item_id,asin,item_text,dim_0,dim_1,dim_2,dim_3,dim_4,dim_5,dim_6,dim_7,dim_8,dim_9,dim_10,dim_11,dim_12,dim_13,dim_14,dim_15
0,7806397051,WAWO 15 Color Professionl Makeup Eyeshadow Camouflage Facial Concealer Neutral Palette COKA An extensive range of 15 mul,0.003134,0.016355,-0.008002,0.058656,-0.035385,-0.017552,0.021168,0.008062,-0.090337,-0.01223,-0.000571,-0.005013,-0.026761,0.027023,-0.007918,-0.030537
1,9759091062,Xtreme Brite Brightening Gel 1oz. Xtreme Brite Xtreme Brite  Brightening gel is a highly concentrated gel that helps to ,0.032302,0.034728,0.022376,0.037713,-0.044175,0.001623,-0.001963,0.011638,-0.050954,-0.007004,0.020593,0.008657,0.007312,0.006709,0.010936,-0.02371
2,9788072216,Prada Candy By Prada Eau De Parfum Spray 1.7 Oz For Women Prada Prada Candy By Prada Eau De Parfum Spray 1.7 Oz For Wome,0.040107,0.043176,0.00359,0.030613,-0.039277,0.036371,0.004495,-0.004765,-0.020019,-0.012764,-0.002624,0.002199,0.008091,0.006226,-0.000611,-0.028874
3,9790790961,"Versace Bright Crystal Eau de Toilette Spray for Women, 3 Ounce Versace Versace Bright Crystal Perfume for Women 3 oz Ea",0.021769,0.028718,0.025978,0.040264,-0.039089,0.018549,-0.00684,-0.000958,-0.014997,-0.009429,-0.016097,0.00013,0.003286,0.012683,-0.007869,-0.028932
4,9790794231,Stella McCartney Stella STELLA For Women By STELLA MCCARTNEY 1.7 oz EDP Spray Fragrance Women's Beauty Eau de Parfum,0.033541,0.029443,0.017999,0.057074,-0.006791,0.025023,0.006725,0.012672,-0.020046,0.003479,-0.013406,-0.013822,0.021786,0.028405,-0.006554,-0.042814
5,B00004TMFE,"Avalon Biotin B-Complex Thickening Conditioner, 14 Ounce Avalon Organics It's in our name: Avalon Organics. Our commitme",0.040524,0.021976,-0.015882,0.025445,-0.038175,-0.017462,-0.000273,0.002121,-0.024827,-0.016199,-0.006101,-0.010342,-0.002838,-0.047434,0.029884,-0.004057
6,B00004TUBL,"Better Living Classic Two Chamber Dispenser, White Classic Qality designed two chamber that utilizes a 'patented pump te",0.071532,0.010194,0.009326,0.012606,-0.032284,0.005547,0.006887,-0.006877,-0.049332,-0.03518,0.018922,-0.011468,-0.000941,-0.012738,0.011782,-0.010566
7,B00004TUBV,"Better Living The Ulti-Mate Dispenser Better Living The Ulti-Mate Dispenser III, provides a perfect solution to eliminat",0.052236,0.018745,0.004325,0.005691,-0.036921,0.013388,-0.00275,-0.006414,-0.028248,-0.020974,-0.004565,-0.021522,0.015742,0.014509,0.003278,-0.010747
8,B00004U9UY,"Crabtree &amp; Evelyn 2792 Gardeners Hand Therapy (100ml, 3.4 oz) Crabtree &amp; Evelyn You've watched your favorite gar",0.028081,0.011725,0.012311,0.025499,-0.030367,0.006096,0.013498,-0.005719,-0.04929,0.0112,-0.0043,0.006468,0.003494,0.000909,-0.012886,-0.022546
9,B00004U9V2,Crabtree &amp; Evelyn - Gardener's Ultra-Moisturising Hand Therapy Pump - 250g/8.8 OZ After a long day of handling thorn,0.040167,0.019629,0.010349,0.03262,-0.024267,-0.007974,0.005044,0.001801,-0.038824,-0.005025,0.026323,-0.005431,0.001366,0.007342,-0.001247,-0.028993
10,B000050B6U,"Instant Heat Curling Iron, 1-Inch Conair Welcome to the world of advanced styling, where curling irons heat up in less t",0.042201,0.019044,0.014123,0.023916,-0.029922,0.001958,-0.019484,0.008993,-0.024679,-1e-05,-0.006237,0.00271,-0.012023,-0.01218,0.01759,-0.033999
11,B000052WY7,"Maybelline New York Expert Wear Brow &amp; Eyeliner, 151 Velvet Black , .011 oz (310 mg) Maybelline Defining brow filler",0.036544,0.012465,0.024023,0.039214,-0.015073,-0.000379,0.002171,0.036404,-0.053109,0.042895,-0.000923,-0.011508,-0.010392,0.025198,0.00585,-0.057011
12,B000052WYD,"Maybelline New York Cover Stick Concealer, Ivory, Light 2, 0.16 Ounce Maybelline Completely conceals blemishes, dark cir",0.017575,0.018864,0.008551,0.041112,-0.022477,-0.007881,0.008159,0.022135,-0.063164,-0.013359,-0.01835,9.1e-05,-0.008464,0.023365,0.00229,-0.048112
13,B000052WYL,"Maybelline New York Expert Eyes Moisturizing Eye Makeup Remover, 2.3 Fl. Oz. Maybelline Gently removes waterproof mascar",0.040164,0.022703,0.016692,0.052425,-0.006544,-0.034032,0.019637,0.008657,-0.055762,-0.005721,0.006674,-0.013782,-0.013231,0.028414,-0.016752,-0.038009
14,B000052WYN,"Maybelline New York Ultra-Liner Liquid Liner, Waterproof, Black 135L-01 , .25 fl oz (7.3 ml) Maybelline Waterproof liqui",0.042755,0.024299,0.008822,0.037069,-0.014682,-0.010525,0.005637,0.023501,-0.048242,0.019095,-0.005036,-0.006281,0.006916,0.00278,0.002547,-0.0619
15,B000052X9G,"Nullo Internal Deodorant, Coated Caplets, 135 Caplets Monticello Chlorophyllin Copper Complex 100g Dietary Supplement. N",0.004945,0.029366,0.006085,0.055457,-0.021258,0.005637,0.000141,-0.000338,-0.059355,-0.024998,0.003439,-0.018473,-0.03204,0.005916,0.003757,-0.013952
16,B000052XIA,"Vagisil Anti-Itch Creme, Original Formula - 1 oz Vagisil High Purity Creme with Vitamins E, A &amp; D Plus Aloe brings c",0.008293,0.039241,0.026206,0.033968,-0.012749,0.002372,-0.023499,-0.003482,-0.040692,-0.044081,0.011075,-0.023469,0.013978,0.006001,-0.002834,-0.013976
17,B000052XW5,"Pretty Feet &amp; Hands Rough Skin Remover-Exfoliant, 3-Ounce Bottles (Pack of 3) Pretty Feet &amp; Hands Soft, sensuous",0.016179,0.024492,0.032779,0.017127,-0.015458,-0.017587,0.023202,0.01373,-0.053827,-0.017737,0.007394,0.007241,-0.003121,-0.004296,-0.019468,-0.022634
18,B000052XYQ,DHS Clear Shampoo 8 Fl Oz Person &amp; Covey Recommended by DermatologistsDHS&trade; Clear contains a unique blend of sp,0.041086,0.017122,-0.013703,0.030068,-0.023717,-0.030323,0.008547,-0.004595,-0.03192,-0.03822,0.01088,0.004276,-0.013719,0.011983,0.023442,-0.012362
19,B000052XZP,"Neutrogena T-Gel Shampoo, Stubborn Itch Control, 4.4 Ounce Neutrogena Shampoos Beauty Hair Care",0.030077,0.02142,0.03254,0.035654,0.004221,0.012203,0.043897,0.021455,-0.022115,-0.023158,0.002708,-0.002401,0.007827,0.027731,0.008105,-0.003359
20,B000052XZX,"Neutrogena T/Sal Shampoo, Scalp Build-up Control, 4.5 fl oz Neutrogena Clears and helps prevent flakes and scalp build-u",0.015164,0.028246,0.030766,0.024496,-0.040608,0.006506,-0.0081,-0.004999,-0.043237,-0.028795,-0.012424,-0.003343,0.001533,-0.020523,-0.01636,-0.009293
21,B000052Y25,DHS Conditioning Rinse With Panthenol 8 fl oz DHS DHS Conditioning Rinse is specially formulated for dermatological hair,0.026169,0.033862,0.023293,0.02434,-0.021757,-0.020652,-0.003334,-0.009081,-0.033794,-0.020747,0.012451,0.004724,-0.026101,-0.012145,0.008742,-0.022227
22,B000052Y33,"Alberto VO5 Moisturizing Hot Oil Treatment, 0.5 Ounce, 2-Count Tubes (Pack of 6) Alberto VO5 Restores moisture and drama",0.035946,0.005512,0.015384,0.011794,-0.028612,-0.002736,-0.015406,0.009771,-0.033149,-0.019789,0.026837,0.003171,-0.003343,-0.01066,-0.005234,-0.016562
23,B000052Y5F,Konsyl Pharmaceuticals Psyllium Fiber 15.9 oz KONSYL PHARMACEUTICALS Natural fiber therapy bulk-forming laxativevery low,0.046239,0.02164,-0.001407,0.023229,-0.040534,-0.012604,-0.01226,0.009556,-0.048576,-0.027999,0.019128,0.003656,0.004445,-0.01062,-0.002639,-0.026299
24,B000052Y6Z,"Williams Lectric Shave Electric Razor Pre-Shave, Original, 3 fl oz Lectric Shave ELECTRIC RAZOR PRE-SHAVE Moisturizers B",-0.025899,0.00903,0.016081,0.038354,-0.010176,0.007218,-0.005496,0.010542,-0.041795,-0.002732,0.013828,0.00548,0.022759,0.018271,0.011734,-0.034351
25,B000052YJC,"Buf-Puf Double-Sided Body Sponge - 1 ea Buf-Puf The secret to really polished, smooth, attractive skin is exfoliation (t",0.01052,0.008677,0.006298,0.024659,-0.025906,0.007816,-0.000836,0.008157,-0.031282,0.007552,-0.018336,0.000121,-0.001938,0.000726,-0.007551,-0.022756
26,B000052YJD,"Buf-Puf Reusable Facial Sponge, Extra Gentle, - 1 ea Buf-Puf One Facial SpongeFor daily cleansing of sensitive skin.Thor",0.011645,0.002734,0.022125,0.021972,-0.034122,0.009016,-0.006484,0.02629,-0.041565,-0.034446,0.002344,0.004477,0.006989,0.007845,-0.011878,-0.036567
27,B000052YJH,Buf-Puf Reusable Facial Sponge (Pack of 6) Buf-Puf Thoroughly cleans and refreshes your skin. Use every day with your fa,0.023798,0.024506,0.02589,0.041961,-0.0281,0.00292,0.002984,0.031447,-0.046545,-0.032809,0.010815,0.011048,0.019758,0.015914,-0.005388,-0.036914
28,B000052YJM,"Clean &amp; Clear ESSENTIALS Dual Action Moisturizer, 4 Ounce Clean &amp; Clear Salicylic acid acne medication Moisturiz",0.03138,0.029806,0.035626,0.040913,-0.023511,0.008054,-0.013297,0.004858,-0.029009,-0.02022,0.025104,-0.011229,0.014858,0.001341,-0.036554,-0.036756
29,B000052YJX,"Neutrogena OntheSpot Acne Treatment, Vanishing Formula, 0.75 Ounce Neutrogena OntheSpot Acne Treatment is a spot acne tr",0.006936,0.021931,0.023964,0.032713,-0.012197,0.00459,0.002072,0.002073,-0.039186,0.005217,0.013086,0.003657,-0.00244,0.028233,-0.029321,-0.000633
30,B000052YKI,Purpose Dual Treatment Moisture Lotion with SPF 15 4 fl oz (120 ml) Purpose This water-based moisturizing formula filter,0.029745,0.024547,0.021367,0.021483,-0.019469,-0.010834,0.006322,0.005688,-0.054209,-0.024709,0.023082,-0.005556,-0.006681,0.01747,-0.003366,-0.026612
31,B000052YKM,"Stri-Dex Medicated Pads, Maximum Strength, 90-Count Containers, (Pack of 3) Stri-Dex Super size pads to clean more dirt,",0.046272,0.030046,0.011724,0.02877,-0.007666,0.00409,0.006562,0.006449,-0.05214,-0.011888,0.011912,0.013956,0.020762,0.019601,0.001277,-0.001506
32,B000052YKS,"Basis Cleaner Clean Face Wash, 6 Fluid Ounces Basis Deep cleans + refreshes. 100% Oil-free and soap-free gel with gentle",0.038001,0.03977,0.015426,0.050805,-0.030336,-0.008408,0.006079,0.0323,-0.026602,-0.038299,0.02631,-0.008248,-0.006941,0.009597,-0.000549,-0.047757
33,B000052YKY,"Cetaphil Gentle Cleansing Bar, Antibacterial - 4.5 oz Cetaphil Gentle antibacterial cleansing bar for dry, sensitive ski",0.018054,0.020926,-0.001127,0.022551,-0.019032,0.007035,-0.012818,0.006785,-0.010042,-0.044839,0.015158,-0.012513,0.01035,-0.010439,0.005307,-0.025461
34,B000052YL1,"Cuticura Medicated Anti-Bacterial Bar Soap, Original Formula - 5.25 oz bar Cuticura For Blemish/Acne-Prone SkinRecommend",0.018452,0.020225,0.009587,0.02503,-0.030419,0.007007,-0.003614,-0.004323,-0.034478,-0.025113,0.001033,-0.014174,0.005159,-0.008147,-0.000365,-0.010888
35,B000052YLX,Purpose Gentle Cleansing Bar 6 oz (170 g) Purpose Dermatologist recommended. Oil-free. Hypoallergenic. Won't clog pores.,0.033601,0.023267,-0.01464,0.029028,-0.026914,0.023015,-0.000872,0.006428,-0.02064,-0.053959,0.001805,-0.011747,-0.006929,-0.008659,0.016836,-0.035421
36,B000052YM0,Fruit Of The Earth 100% Aloe Vera 6oz. Gel Tube Fruit of the Earth Non-Oily Moisturizer Provides Effective Relief From S,0.014063,0.045551,0.043261,0.063843,-0.017995,0.008264,-0.010374,0.004251,-0.036187,-0.027922,-0.002887,-0.011383,0.025523,0.014959,-0.006039,-0.048363
37,B000052YM3,Alpha Hydrox AHA Enhanced Cream 2 oz. Alpha Hydrox 10% AHA Anti-Wrinkle TreatmentRecommended For:&nbsp;All Skin Types Ex,0.018386,0.009019,0.00434,0.035431,-0.003969,0.004814,-0.004364,0.005355,-0.035093,-0.01836,0.003313,0.000778,0.006076,0.007648,-0.017121,-0.041854
38,B000052YM4,Alpha Hydrox Foaming Face Wash -- 6 fl oz Alpha Hydrox This wonderfully sudsy foaming cleanser gently but thoroughly rem,0.031417,0.020241,0.011531,0.039769,-0.011306,-0.00264,-0.00745,0.013374,-0.027657,-0.022863,0.014867,0.003733,-0.00888,0.011008,-0.006053,-0.031774
39,B000052YM7,Alpha Hydrox Enhanced Lotion 10 percent Glycolic AHA -- 6 fl oz Anti-Wrinkle Alpha Hydrox Concentrated pure glycolic aci,0.027265,0.020585,0.010981,0.028001,-0.022958,-0.010832,-0.015289,0.006422,-0.040471,-0.005625,0.021494,-0.004077,0.007488,0.007913,-0.029356,-0.030635
40,B000052YM8,Alpha Hydrox Oil Free Treatment 10 Percent AHA 1.7 fl oz. Alpha Hydrox If you're looking for a concentrated alpha hydrox,0.025954,0.0066,-0.004816,0.029136,-0.014518,0.004915,-0.022718,0.007716,-0.028991,-0.002693,0.014689,-0.012457,0.004359,0.003602,-0.024934,-0.020475
41,B000052YMG,Aquanil Cleanser 16 fl oz. Aquanil For Sensitive SkinNon-ComedogenicHypoallergenicFragrance FreeRecommended by Dermatolo,0.021962,0.021584,0.002617,0.043827,-0.025059,-0.00667,-0.005121,-0.009587,-0.02978,-0.048445,0.013704,-0.020862,-0.003504,-0.005489,-0.01709,-0.027965
42,B000052YMQ,"Cetaphil Moisturizing Cream, Fragrance Free - 16 oz Cetaphil Cetaphil moisturizing cream--formulated specifically for ch",0.016006,0.020805,0.015668,0.033767,-0.024887,-0.009761,0.002639,0.014429,-0.037426,-0.016264,0.030477,-0.002336,-0.009868,-0.002164,-0.022183,-0.011398
43,B000052YMR,"Cetaphil Moisturizing Cream, 3.0 - Ounces Tube (Pack of 3) Cetaphil Cetaphil Moisturizing Cream for Dry, Sensitive Skin.",0.040535,0.014695,0.007456,0.020371,-0.012545,-0.011543,-0.015735,0.021055,-0.039792,-0.037356,0.024131,-0.007407,0.007177,-0.014753,-0.020869,-0.025881
44,B000052YMS,"Cetaphil Moisturizing Lotion, Fragrance Free - 16 fl oz Cetaphil Dry, sensitive skin treatment.&nbsp; Fragrance free.Cet",0.026324,0.021537,0.017414,0.016668,-0.010658,-0.015185,-0.008955,-0.003919,-0.041737,-0.044311,0.026024,-0.007007,-0.011794,5e-05,-0.020347,-0.021663
45,B000052YMT,"Cetaphil Gentle Skin Cleanser, 4.0 -Ounce Bottles (Pack of 6) Cetaphil Softens As It Cleanses.CETAPHIL&reg; cleanser was",0.021672,0.018516,0.005673,0.035591,-0.015397,-0.016883,0.005135,0.017474,-0.028523,-0.04889,0.010138,-0.011046,-0.0185,-0.013221,-0.000488,-0.012099
46,B000052YMV,Cetaphil Gentle Skin Cleanser - 16 fl oz Cetaphil Softens As It Cleanses.CETAPHIL&reg; cleanser was formulated for derma,0.015518,0.018095,0.004065,0.035793,-0.01577,-0.019823,0.005582,0.01617,-0.029103,-0.048935,0.009032,-0.016034,-0.023031,-0.009917,-0.00664,-0.019858
47,B000052YMX,Complex 15 Therapeutic Moisturizing Face Cream - 2.5 Ounce Dermatologist recommended ; CONTAINS PHOSPHOLIPIDS: which res,0.022513,0.015871,-0.00398,0.032427,-0.020783,-0.005934,-0.016896,0.000168,-0.051006,-0.025678,0.02282,-0.010067,-0.018304,-0.008075,-0.026058,-0.03772
48,B000052YN5,"DML Daily Facial Moisturizer, SPF 25 - 1.5 Oz DML with broad spectrum sunscreens enhanced with Avobenzone (Parsol 1789)a",0.023852,0.037269,0.003925,0.052571,0.000331,-0.01988,-0.016171,-0.017516,-0.040436,-0.032642,-0.002189,-0.012208,0.008564,-0.008459,-0.011196,-0.023867
49,B000052YN7,DML Moisturizing Lotion 16 oz. DML For Daily Care of Dry Skin.Non-ComedogenicHypoallergenicFragrance FreeFast AbsorbingR,0.011718,0.035955,0.022338,0.054051,-0.013984,0.010037,-0.018052,-0.010177,-0.042777,-0.046344,0.02212,0.012348,0.003812,0.000836,0.005956,-0.043102
50,B000052YOL,"Neutrogena Healthy Skin Anti-Wrinkle Cream, SPF 15, 1.4 Ounce Neutrogena Creams & Moisturizers Beauty Skin Care Face",0.026352,0.008297,0.04869,0.064984,0.016988,-0.000962,0.036809,0.018051,-0.043172,-0.016031,0.015923,-0.009015,0.022601,0.030597,-0.024903,-0.020954
51,B000052YOR,"Neutrogena Body Oil, Light Sesame Formula, 8.5 Ounce Neutrogena Body Oil is a delicately light sesame formula that insta",0.035071,0.031518,0.022388,0.047177,-0.008963,-0.000747,-0.001685,0.021443,-0.049742,-0.031742,0.011697,0.003012,-0.005218,0.015922,0.022701,-0.024708
52,B000052YOX,"Neutrogena Oil-Free Moisture, Sensitive Skin, 4 Ounce Neutrogena Creams & Moisturizers Beauty Fluids & Lotions Lotions F",0.040002,0.020394,0.051532,0.048819,0.018862,0.007647,0.019531,0.028775,-0.027505,-0.032776,0.030009,-0.015046,0.027721,0.024691,-0.024281,-0.020381
53,B000052YP4,"Neutrogena Light Night Cream, 2.25 Ounce Neutrogena Creams & Moisturizers Beauty Night Creams Face Skin Care",0.040284,0.017379,0.040504,0.05875,0.026298,0.007415,0.038079,0.025969,-0.04223,-0.01082,0.021967,-0.003656,0.016594,0.030628,-0.020159,-0.038747
54,B000052YP6,"Neutrogena Norwegian Formula Hand Cream, Fragrance-Free (2 Ounce) Neutrogena Neutrogena Hand Cream delivers effective re",0.040644,0.032688,0.033762,0.049058,-0.014797,-0.001766,0.003387,0.014337,-0.049111,-0.020885,0.020062,0.002457,0.013489,0.019119,-0.003478,-0.026899
55,B000052YQ0,"Olay Complete All Day Moisturizer With Sunscreen Broad Spectrum SPF 15 Normal 4 Fl Oz Olay Even if you have normal skin,",0.001067,0.008017,0.025955,0.02559,-0.013117,-0.002557,0.000506,0.019068,-0.027429,-0.014432,0.022688,-0.014465,-0.01731,0.011644,-0.022622,-0.001112
56,B000052YQ2,Olay Complete All Day Moisturizer With Sunscreen Broad Spectrum SPF 15 - Sensitive 4 Fl Oz Olay Caring for sensitive ski,-0.003214,0.009717,0.016657,0.021763,-0.007706,0.003118,-0.001524,0.02809,-0.034652,-0.025325,0.011846,-0.010985,-0.038338,0.001249,-0.012836,-0.016676
57,B000052YQN,"POND'S Cold Cream Cleanser, 3.5 oz. Pond&#39;s Moisturizers Beauty Body Oils Skin Care",0.009797,0.021093,0.023151,0.057772,0.035788,-0.015448,0.021307,0.0069,-0.052551,-0.021314,0.012845,-0.007763,0.018161,0.018217,-0.01373,-0.078786
58,B000052YQU,"POND'S Dry Skin Cream Facial Moisturizer, 3.9-Ounce (Packaging May Vary) Pond&#39;s Creams & Moisturizers Beauty Fluids ",0.030514,0.01369,0.031369,0.051938,0.021916,0.00284,0.008358,-0.002148,-0.031762,-0.04128,0.033092,-0.005299,0.021513,-0.010971,-0.015009,-0.05383
59,B000052Z5B,"Coty Airspun Face Powder, Naturally Neutral, 2.3 oz Coty Light/Medium Neutral Tone 070-11Exclusive Microspun formula.&nb",0.026705,0.019487,0.00046,0.040931,-0.003413,-0.007092,0.009016,0.024639,-0.07088,-0.004892,-0.017935,0.014593,-0.011937,0.043627,0.023319,-0.050188
60,B000052Z8D,"Max Factor Pan-Stik Ultra Creamy Makeup, Sun Tone 137 .5 oz (14 g) The original Max Factor Pan-Stick Makeup. Professiona",0.020374,0.03347,-0.004133,0.027682,-0.025982,-0.029895,0.021671,0.023774,-0.065904,-0.012228,0.003433,0.01167,-0.013388,0.010511,0.012713,-0.046695
61,B000052ZB1,"Neutrogena Intensified Day Moisture, SPF 15, 2.25 Ounce Intensified Day Moisture SPF 15 combines long-lasting moisturiza",0.027491,0.011829,0.021886,0.029389,0.000866,-0.018605,-0.004852,0.007578,-0.040219,-0.018725,0.030988,-0.009373,-0.004239,0.019986,-0.020618,-0.020097
62,B000052ZB2,"Neutrogena Extra Gentle Cleanser, 6.7 Ounce Neutrogena Neutrogena extra gentle cleanser more than just gentle cleansing.",0.038238,0.008822,0.005885,0.030634,-0.034129,-0.008151,-0.002438,0.020996,-0.036143,-0.018358,0.020551,0.002107,-0.013134,0.009007,-0.001404,-0.007321
63,B000052ZB4,"Neutrogena Deep Clean Facial Cleanser, Normal to Oily Skin, 6.7 Ounce Neutrogena Neutrogena Deep Clean cleans so deeply ",0.020313,0.004181,0.02095,0.037408,-0.009096,-0.005385,0.001288,0.013312,-0.036494,-0.014671,0.012468,-0.00059,-0.011759,0.023695,-0.000165,-0.005593
64,B000052ZBD,"Neutrogena Rainbath Gel, Original, 16  Ounce Neutrogena Cleans, softens and conditions skin.Rainbath Shower &amp; Bath G",0.029068,0.027301,0.013092,0.0299,-0.012633,-0.005747,0.015037,0.020489,-0.02566,-0.038839,0.01511,-0.000918,-0.001027,0.016804,0.017553,-0.008796
65,B000052ZBH,"Almay One Coat Nourishing Mascara, Thickening, Black 402, 0.4-Ounce Package Almay Hypo-Allergenic. 100% Thicker lashes. ",0.037969,0.006944,-0.006767,0.038003,-0.028743,-0.002945,-0.008758,0.025814,-0.0472,-0.012548,0.002728,-0.008359,-0.002364,0.008864,-0.004865,-0.03907
66,B000052ZBP,"Almay Moisturizing Eye Makeup Remover Pads, 80-Pads Almay Removes waterproof eye makeup and longwearing lipcolor. Americ",0.053629,0.017547,-0.007134,0.047416,-0.032823,-0.022351,0.011252,0.019768,-0.055439,0.008976,0.007866,0.005938,0.002806,0.016753,-0.021056,-0.041887
67,B000052ZTY,"Hugo By Hugo Boss For Men. Eau De Toilette Spray 1.3 Ounces HUGO BOSS Introduced in 1995. Fragrance notes: woods, fresh ",0.023275,0.017743,0.003085,0.039825,-0.009359,0.00094,0.013139,0.006121,-0.026808,-0.019288,0.025778,-0.012412,-0.018096,0.018847,0.006654,-0.04185
68,B00005302B,"Jergen Extra Moisturizing Liquid Hand Wash 7.5 Oz Jergens Cleans completely: This rich, creamy formula creates lots of s",0.025814,0.042287,0.023437,0.040925,-0.010377,0.027803,0.00259,0.019961,-0.008855,-0.031558,0.031569,-0.010846,-0.033803,0.015743,0.009586,-0.00721
69,B00005304H,"Q-tips Cotton Swabs, 500 Count Q-Tips &lt;P&gt;More Cotton At The Tip* Than Any Other Swab.&lt;/P&gt; &lt;P&gt;&lt;STRON",0.04364,-0.005149,-0.009255,0.040136,-0.009091,-0.008915,0.012914,-0.022132,-0.023499,-0.036784,0.027388,0.005265,-0.022094,0.024246,0.005782,-0.048351
70,B0000530ED,"L'Oreal Paris Feria Hair Color, 36 Dark Burgundy Brown/Chocolate Cherry L&#39;Oreal Paris Multi-Faceted Shimmering Colou",0.015013,-0.004299,-0.000173,0.013591,-0.026616,0.016761,-0.023208,0.00669,-0.049102,-0.022476,0.003312,0.005501,-0.020123,0.018486,0.005531,-0.035476
71,B0000530EZ,Aussie Hair Insurance Leave-In Conditioner 8 Fl Oz (Pack of 3) Aussie Beauty Hair Care Conditioners,0.037918,-0.020254,0.037776,0.012641,0.009882,0.003236,0.039412,0.023195,-0.01143,-0.009212,0.005425,-0.017675,0.004096,0.000597,0.019853,-0.002642
72,B0000530G6,"Suave Professionals Conditioner, Humectant - 12.6 Ounce Suave Beauty Hair Care Conditioners",0.028469,0.013196,0.044166,0.025873,0.009908,0.007398,0.021194,0.033285,-0.014819,-0.040498,0.010828,-0.013856,-0.004936,0.00637,0.013516,-0.000393
73,B0000530LO,"Suave Naturals Shampoo, Daily Clarifying - 22.5oz. Suave Shampoos Beauty Hair Care",0.027256,0.008334,0.032174,0.033441,-0.004071,0.024093,0.035877,0.035791,-0.011576,-0.032539,0.015263,0.002357,-0.01074,0.018384,0.023019,-0.040399
74,B0000530LP,"Suave Shampoo, Daily Clarifying - 12oz. Suave Shampoos Beauty Hair Care",0.02349,0.00939,0.027148,0.036537,0.005425,0.018232,0.042732,0.036099,-0.009175,-0.030927,0.021195,0.001523,-0.004442,0.018171,0.014385,-0.033807
75,B0000530LV,"Suave Naturals Shampoo, Sun Ripened Strawberry 22.5oz Suave Gentle Cleansing with a Fragrant Natural Scent for All Hair ",0.030826,0.011884,0.004454,0.031917,-0.041556,-0.00822,0.010069,0.022554,-0.017795,-0.048216,0.007015,0.020418,-0.020204,0.010321,0.027986,-0.015803
76,B0000530M0,"Suave Professionals Humectant Moisture Shampoo , 12.6 fl Ounce (373 ml) Suave Shampoos Beauty Hair Care",0.065189,-0.007855,0.03113,0.031149,-0.007548,0.000203,0.017141,0.032864,-0.021306,-0.038521,0.020523,-0.004909,0.000517,-0.00094,-0.000403,-0.036353
77,B0000530NA,"Olay Daily Care Refreshing Toner, 7.2-Fluid Ounce Olay Cleans and Refreshes without Overdrying.Low Alcohol Formula. Derm",0.018779,0.015151,0.019194,0.043921,-0.017859,-0.022227,-0.015426,-0.000308,-0.02026,-0.041731,0.00957,0.006254,-0.008547,0.00908,0.012214,-0.032628
78,B0000530O9,"Olay Age Defying Classic Eye Gel 0.5 Oz Olay Cooling gel revitalizes and moisturizes, minimizing the appearance of signs",0.021763,0.013887,0.029986,0.040729,-0.035309,-0.007423,0.008456,0.005736,-0.054255,0.008436,0.013826,0.006854,-0.007049,0.023359,-0.016998,-0.037746
79,B0000531GD,"Maybelline New York Shine Free Oil Control Pressed Powder, Ivory - 1 ea Maybelline Oil blotting ingredients in this pres",0.043685,0.003051,-0.002966,0.036519,-0.018659,-0.008541,0.010362,0.022628,-0.056762,-0.009296,-0.005372,-0.001991,-0.0009,0.014781,0.008525,-0.037382
80,B0000531GV,"Maybelline New York Expert Eyes 100% Oil-Free Eye Makeup Remover, 2.3 Fl. Oz. Maybelline This 100% oil free formula gent",0.053776,0.029727,0.011147,0.051751,-0.017979,-0.009195,0.00559,0.0077,-0.049254,-0.013669,0.008306,-0.019979,-0.014036,0.018136,-0.003561,-0.039569
81,B0000531II,"Maybelline New York Shine Free Oil Control Loose Powder, Light, 0.7 Ounce Maybelline Oil control loose powder for a fres",0.024614,0.012765,0.002082,0.041441,-0.002405,-0.003691,0.020142,0.029901,-0.053205,-0.006358,0.006898,0.000156,0.005756,0.017914,0.01301,-0.033381
82,B0000531NU,"Maybelline New York Volum' Express - Waterproof Mascara, Very Black - .34 fl oz Maybelline Up to triple the volume insta",0.030127,0.014527,0.009041,0.030135,-0.01642,0.009526,-0.009602,0.01437,-0.034781,0.008793,0.013132,0.008255,-0.010392,0.019043,-0.002454,-0.036893
83,B0000531SW,"L'Oreal Paris Visible Lift Line-Minimizing &amp; Tone-Enhancing Makeup, Soft Ivory, 1.25 Ounces L&#39;Oreal Paris With P",0.021161,0.021404,0.022932,0.032754,0.002536,-0.027682,0.014389,0.001797,-0.071035,-0.011046,-0.012867,-0.029454,0.010473,0.023881,0.000673,-0.033561
84,B0000531WZ,"Revlon Super Lustrous Creme Lipstick, Fire and Ice 720, 0.15 Ounce Revlon Made in USA. Makeup Beauty Lipstick Lips",0.040288,0.014017,0.026077,0.045491,0.024244,0.001237,0.03939,0.049677,-0.037634,0.05413,-0.002885,0.007422,-0.0063,0.035291,0.000481,-0.050479
85,B00005321Z,"Revlon Eterna '27' Moisture Cream with Progenitin, 2 Ounce Revlon Eterna '27' was used by hundreds of women in Europe an",0.032215,0.050266,0.018639,0.034975,-0.016958,0.001718,-0.004248,0.005443,-0.009971,-0.019168,0.017586,-0.008606,-0.010931,0.010055,-0.007875,-0.008169
86,B0000532AN,"Revlon Lash Curlers, 1 Count Revlon Superior Quality.&nbsp; Lifetime Guarantee.Free replacement pad.Positions lashes eas",0.050817,0.006567,0.025233,0.01898,-0.006132,-0.008759,-0.011198,0.002275,-0.017734,-0.016191,0.022119,0.020045,-0.014472,0.009492,0.003573,0.016001
87,B0000532VT,"Neutrogena Clean Conditioner, Replenishing , 10.1 Fluid Ounce Neutrogena &lt;P&gt;Moisturizing Conditioner&lt;/P&gt; &lt",0.029389,-0.018996,-0.012753,0.049589,0.00682,-0.016924,0.011321,-0.01521,-0.033802,-0.032864,0.051647,-0.010882,-0.029738,0.039423,0.012258,-0.040734
88,B0000532YN,"Kiss My Face Bar Soap, 8.0 oz, Pure Olive Oil. 1-Bar Kiss My Face A Natural Cleansing and Moisturizing Soap. For centuri",0.031996,0.022542,0.012147,0.028845,-0.030825,-0.016971,0.010527,0.023132,-0.039033,-0.023961,0.026343,-0.012414,0.00375,-0.015731,0.002693,-0.031603
89,B00005333G,"L'Oreal Paris Hydra-Renewal Continuous Moisture Cream, 1.7 Ounce L&#39;Oreal Paris Rich, luxurious cream is perfect for ",0.034247,0.020085,0.015689,0.031687,-0.021295,-0.01069,-0.003814,0.000929,-0.027604,-0.022856,0.029869,-0.011575,0.004864,0.003146,-0.000756,-0.033071
90,B00005333I,"L'Oreal Paris Eye Defense, 0.5 Fluid Ounce L&#39;Oreal Paris This light, non-greasy gel-cream is specially formulated to",0.014926,0.029416,0.012688,0.043163,-0.034295,-0.016955,0.01041,0.001016,-0.058171,-0.008949,0.012413,-0.007316,0.004786,0.027622,-0.010034,-0.037446
91,B0000533CC,Instead 12 Hour Feminine Protection Cup 24 ea Instead Wear Time-BecauseInsteadcollects rather than absorbs menstrual flu,0.046645,-0.007475,0.001448,0.039167,-0.027269,0.021549,-0.001801,0.00564,-0.022077,-0.040417,0.017832,-0.013751,-0.032768,0.012677,0.002846,-0.015982
92,B0000534VO,"Clean &amp; Clear Continuous Control Acne Cleanser,  5 oz  (141g) Clean &amp; Clear Clean & Clear Continuous Control Acn",0.030175,0.027608,0.026628,0.041136,-0.038567,0.001038,0.011776,0.005052,-0.051593,-0.017491,0.016191,-0.001068,-0.003862,0.020346,0.006844,-0.013366
93,B0000535CH,Nature's Cure Two-part Acne Treatment System for Women 60 Tablets 1 Oz Cream Nature&#39;s Cure Natural Homeopathic Acne ,0.012548,0.03496,0.012117,0.026752,-0.00386,0.019767,0.007842,-0.009057,-0.053638,-0.03,-0.007473,-0.010935,0.010016,0.008129,-0.012851,0.004816
94,B0000535OF,Alpha Hydrox Night Replenishing Cream 2 oz. Alpha Hydrox Light Moisturizer with Vitamin ERecommended for:&nbsp;Dry to No,0.026371,-0.000614,0.015359,0.043989,0.00787,-0.003175,-0.012669,0.002312,-0.045705,-0.043758,0.025099,0.003448,-0.009291,0.007175,-0.021948,-0.040968
95,B0000535RA,"Neutrogena Pore Refining Toner, Alpha and Beta Hydroxy Formula, 8.5 Ounce Neutrogena Pore Refining Toner visibly reduces",0.02629,0.030915,0.038294,0.036106,-0.028036,-0.007237,-0.007041,0.004653,-0.048962,-0.006151,0.005449,0.000766,-0.002174,0.015301,-0.009253,-0.016184
96,B0000535RC,"NeutrogenaClear Pore Oil Eliminating Astringent, 8 Ounce Neutrogena Clear Pore OilEliminating Astringent is specifically",0.01968,0.028154,0.009625,0.025834,-0.028326,0.005902,0.020081,-0.006076,-0.039691,-0.010206,0.021684,-0.010187,0.000479,0.0132,-0.027412,0.001217
97,B0000535RD,"Neutrogena Body Clear Body Wash for Clean, Clear Skin, 8.5 Ounce Neutrogena Neutrogena body clear body wash is a refresh",0.030558,0.008271,0.018531,0.033284,-0.025829,0.007966,0.016484,0.022579,-0.009892,-0.028936,0.01803,0.003355,-0.015945,0.025634,0.00558,0.003841
98,B0000535U2,"Jason C-Effects Creme, 2 Ounces Jason Natural Cosmetics In 1959, a group of independent thinkers drew upon the pioneerin",0.028808,0.008878,-0.010469,0.03151,-0.030084,-0.004181,0.013081,-0.015493,-0.011023,-0.023593,0.004282,-0.010331,-0.012968,-0.005539,0.005189,-0.043355
99,B0000535UA,"Jason Shampoo, Tea Tree, 17.5 Ounce Jason Natural In 1959, a group of independent thinkers drew upon the pioneering spir",0.02709,0.00513,-0.013939,0.02075,-0.02755,-0.005328,0.010179,-0.017978,0.002109,-0.032489,0.016801,-0.014905,-0.02031,-0.001525,0.009576,-0.038789
100,B0000535UM,"Jason Thin-To-Thick Extra Volume Shampoo, 8 Ounce Jason Natural In 1959, a group of independent thinkers drew upon the p",0.02627,-0.000426,-0.0068,0.02306,-0.034674,-0.000221,0.009119,-0.014028,-0.005615,-0.026452,0.013104,-0.010325,-0.020834,-0.004212,0.009175,-0.035447
101,B0000535UN,Thin to Thick Extra Volume Conditioner 8 oz Jason Natural The Pro-Vitamin Thin-to-Thick Hair Thickening Conditioner -You,0.039921,0.040784,0.019495,0.019006,-0.028959,-0.022975,-0.020385,-0.000935,-0.04211,-0.035455,0.029157,-0.006924,-0.005221,-0.00115,-0.002958,-0.029011
102,B0000535UT,"Jason Purifying Tea Tree Body Wash 30 fl oz Jason Natural Cosmetics TRIEDITCOMMENT-2,2,2TRIEDITCOMMENTEND-TRIEDITPRECOMM",0.041719,0.016193,-5.4e-05,0.021451,-0.028017,-0.008144,0.001999,-0.003885,-0.045804,-0.042695,0.006636,-0.00805,-0.021646,0.007825,0.020038,-0.050967
103,B0000535UX,"Jason Pure Natural Hand Soap, Purifying Tea Tree, 16 Ounce Jason Natural In 1959, a group of independent thinkers drew u",0.026059,0.005127,-0.011385,0.028073,-0.032173,-0.003379,0.009649,-0.016074,0.000584,-0.028181,0.009313,-0.012288,-0.017162,-0.002992,0.007534,-0.03769
104,B0000535VH,"Alpha Hydrox Optimum Series, Retinol Night ResQ, Anti-Wrinkle Firming Complex - 1.05 oz Alpha Hydrox Patented Formula wi",0.035454,0.02785,0.014046,0.027556,-0.013801,-0.005872,-0.01673,-0.030771,-0.040527,-0.019357,0.007682,0.003025,-0.015554,0.016664,-0.015468,-0.026739
105,B000053676,"Avalon Organics Vitamin C Revitalizing Eye Creme, 1 Ounce Bottle Avalon Organics Since 1994, Avalon Organics has offered",0.046936,0.023541,0.004783,0.037581,-0.020244,-0.038677,0.011638,0.015084,-0.038388,-0.022087,-0.000476,-0.026296,0.00744,-0.013437,0.010112,-0.033216
106,B0000536A3,Tommy Hilfiger Tommy Cologne Spray for Men - 3.4 Fluid Ounces Tommy Hilfiger As American as apple pie -- Tommy Hilfiger ,0.026315,0.043937,0.017687,0.033765,-0.005654,-0.012044,0.005475,0.005397,-0.016513,-0.020066,-0.01032,0.002642,0.000275,0.017142,0.001893,-0.02493
107,B0000536EK,"Mother's Special Blend All Natural Skin Toning Oil, 8-Ounce Bottle Mountain Ocean Mother's Special Blend All Natural Ski",0.024676,0.037467,0.006513,0.027114,-0.043707,0.000608,-0.006798,0.007458,-0.050261,-0.001689,0.026521,-0.016924,-0.001554,-0.004447,0.007279,-0.047535
108,B0000536EW,"Aveeno Anti-Itch Concentrated Lotion, 4 Ounce Aveeno Fastacting, soothing itch relief of: poison ivy, oak, sumac, insect",0.028961,0.040687,0.039271,0.054621,-0.035439,0.01156,0.010977,0.023377,-0.038962,-0.016032,-0.012746,-0.026338,0.024929,-0.004091,0.008221,-0.034338
109,B0000536F0,"Aveeno Moisturizing Bar with Natural Colloidal Oatmeal for Dry Skin, Fragrance Free, 3.5 oz Aveeno Perfect for dry skin,",0.023207,0.027892,0.016381,0.030424,-0.012337,-0.015467,0.009614,0.016759,-0.039229,-0.027806,0.019867,-0.005672,0.005092,-0.016279,-0.011959,-0.039427
110,B0000536M2,"Maybelline New York Full 'N Soft Mascara, Very Black, 0.28 Oz. Maybelline Builds full, soft thick lashes without the bri",0.040574,0.017958,-0.011452,0.035006,-0.025993,-0.011906,-0.007086,0.024198,-0.050191,-0.005993,0.002594,-0.001646,-0.015129,0.018758,0.015857,-0.042067
111,B0000536M3,"Maybelline Full' N Soft Mascara: Brownish Black #302 Maybelline Thick & Healthy (Healthy looking). Full, soft thick lash",0.023431,0.013113,0.003483,0.044601,-0.036982,0.011631,-0.017442,0.025194,-0.037651,-0.004118,0.012002,0.01352,-0.009805,-0.002728,0.001874,-0.039794
112,B0000536P3,Olay Total Effects 7-In-1 Anti-Aging Daily Moisturizer 1.7 Fl. Oz. Olay For those concerned about multiple signs of agin,0.006866,-0.004194,0.020039,0.023189,-0.042569,-0.004467,0.00553,0.005377,-0.058267,-0.027979,-0.007289,-0.001262,-0.01358,0.01666,-0.000221,-0.01824
113,B0000536P4,Olay Total Effects Anti-Aging Fragrance Free Moisturizer 1.7 Fl Oz Olay For those concerned about multiple signs of agin,0.002754,-0.002196,0.021902,0.028241,-0.033018,0.001968,0.018103,-0.000887,-0.064531,-0.025688,-0.01303,-0.004305,-0.011067,0.026835,0.001239,-0.013148
114,B00005375C,"Aveeno Daily Moisturizing Lotion, 8 Ounce Aveeno This dermatologist recommended unique oatmeal formula locks in moisture",0.034949,0.025884,0.020446,0.039471,-0.016556,0.003087,0.01768,0.019057,-0.033117,-0.020024,0.010968,-0.02158,0.005759,0.009442,0.001338,-0.014738
115,B0000537NH,"Neutrogena Sensitive Skin Sunscreen Lotion, SPF 30, 4 Ounce Broad Spectrum UVA/UVB. No irritating chemical sunscreens. I",0.03069,0.040286,0.034594,0.038918,0.006911,-0.025738,-0.004822,0.018109,-0.050546,-0.021833,0.00885,0.007538,-0.001887,0.012953,-0.022394,-0.011439
116,B0000537SD,"ZapZyt Acne Treatment Gel, 1 oz Zapzyt Zap the ZitZapZyt Acne Treatment Gel prevents acne pimples, blemishes, blackheads",0.005614,0.039185,0.017485,0.027753,-0.02604,0.028562,0.014463,0.013586,-0.0418,0.009761,0.000283,0.007645,-0.00066,0.010018,0.00285,-0.019521
117,B000053L6W,"Clubman Pinaud Virgin Island Bay Rum, 12 Ounce Clubman Pinaud Clubman Pinaud virgin island bay rum-as refreshing as an i",0.037791,0.040926,0.032504,0.047667,-0.038148,0.009748,0.001325,0.021976,-0.027477,-0.036203,0.010294,-0.006861,-0.005359,0.038549,0.00492,-0.038363
118,B000056I89,"Cetaphil Daily Facial Cleanser, Normal to Oily Skin - 8 fl oz Cetaphil Cleanses without drying. Non-comedogenic. Cetaphi",0.021939,0.017982,0.017037,0.043573,-0.016823,0.002709,0.005417,0.013301,-0.039408,-0.03715,0.005877,-0.010097,-0.00034,0.00139,-0.003527,-0.034485
119,B000056W5Y,"Palmer's Cocoa Butter Formula Massage Cream for Stretch Marks, 4.4 Ounce Palmer&#39;s Palmer's Massage Cream helps preve",0.030979,0.009122,0.037006,0.026721,0.00186,-0.016294,0.016177,0.01218,-0.052236,-0.012964,0.017863,-0.012824,0.005693,0.001958,-0.000258,-0.044415
120,B000056W74,Palmer's Cocoa Butter Formula Moisturizing Body Oil with Vitamin E -- 8.5 fl oz Palmer&#39;s Palmer's cocoa butter formu,0.03497,0.020292,0.017239,0.027606,-0.011608,-0.013626,0.009679,0.00931,-0.040966,-0.0228,0.042404,0.003444,0.003153,0.008244,-0.003876,-0.044806
121,B00005A43X,"Conair Supreme 2-In-1 Hot Air Styling Brush Conair For soft, long-lasting, voluminous curls and waves in record time, th",0.026029,0.000849,0.019204,0.012616,-0.009489,0.002337,0.010864,0.004036,-0.02622,-0.004215,0.007065,0.013053,-0.011599,0.005254,0.006528,-0.037126
122,B00005A443,"Conair Double-Sided Battery-Operated Lighted Makeup Mirror, Polished Chrome Finish Conair Nothing beats a professional l",0.006352,0.004182,0.010149,0.015917,-0.014341,-0.000708,-0.003023,-0.004481,-0.040457,-0.005702,-0.004228,-0.018187,-0.001191,0.034607,0.002564,-0.017961
123,B00005A9WP,Coanir Facial Sauna System with Timer Conair This unit can be used to steam open pores for cleansing skin and to steam o,0.016901,0.012567,-0.005698,0.016639,-0.02974,0.014899,2.5e-05,0.004046,-0.033992,-0.013185,-0.014931,0.007221,0.000866,0.006596,0.015623,-0.015352
124,B00005AVC7,Clean &amp; Clear Instant Oil-Absorbing Sheets 50 sheets Clean &amp; Clear Clean and Clear Oil Absorbing Sheets instantl,0.024641,0.03076,4.1e-05,0.036828,-0.024135,0.008064,0.013852,0.010927,-0.035009,-0.008099,0.006737,0.000376,0.015622,0.015619,-0.001851,-0.032518
125,B00005B9FV,"Eucerin Q10 Anti-Wrinkle Sensitive Skin Lotion SPF, 4 Ounce Eucerin Eucerin Q10 Anti-Wrinkle Sensitive Skin Lotion SPF 1",0.009686,0.022989,0.040486,0.04235,-0.019666,-0.004231,-0.004035,-0.002636,-0.025535,-0.009425,0.031272,-0.013207,-0.016423,0.006327,-0.023553,-0.021524
126,B00005CDSP,"Revlon Perfect Heat 1-1/2inch Curling Iron Revlon When it comes to curling irons, structural extras are always  second t",0.031794,-0.014797,0.010263,0.012021,0.000753,0.00562,-0.007359,0.006254,0.000566,0.008359,0.009085,-6.8e-05,-0.006116,-0.005412,0.008213,-0.022998
127,B00005IBW0,"St. Ives, Sensitive Skin Apricot Scrub, 6-Ounce (Pack of 6) Beauty Scrubs Exfoliators & Scrubs Face Skin Care",0.02512,0.012616,0.057396,0.042086,0.016118,0.008579,0.020082,0.027546,-0.020852,-0.030374,-0.009476,0.004033,0.019558,-0.010474,-0.020955,-0.047342
128,B00005LBRT,"Avalon Organics Lavender Luminosity Daily Moisturizer, 2 Ounce Avalon Organics It's in our name: Avalon Organics. Our co",0.037695,0.013158,-0.017066,0.025271,-0.030629,-0.010959,0.011382,-0.001752,-0.023465,-0.008184,-0.007407,-0.018323,-0.007798,-0.032643,0.021852,-0.011794
129,B00005NAOD,"Eucerin Q10 Anti-Wrinkle Sensitive Skin Creme, 1.7 Ounce Jar Eucerin Eucerin Q10 Anti-Wrinkle Sensitive Skin Creme provi",0.020326,0.023692,0.031773,0.034845,-0.01616,0.003974,-0.00077,-0.008169,-0.027248,-0.010301,0.023862,-0.008562,-0.020832,-0.008681,-0.023231,-0.029534
130,B00005NAOJ,"Cetaphil Gentle Cleansing Bar - 4.5 oz Cetaphil 1 Bar ~ Net Wt 4.5 oz (127g)For Dry, Sensitive SkinMoisturizingNon-Comed",0.010107,0.0086,0.004467,0.018589,-0.01735,0.01697,-0.006572,0.00845,-0.032334,-0.042409,0.028576,-0.007306,-0.009857,-0.012172,-0.003588,-0.029675
131,B00005NASR,"Ecco Bella Original Organic Water-Free Herbal Body Lotion, Vanilla, 8-Ounce Bottle Ecco Bella Nurture your skin with our",0.048081,0.036679,0.018092,0.046655,-0.020841,-0.009557,0.010707,0.018767,-0.043227,-0.026535,0.021723,-0.020126,0.007056,0.003929,-0.000887,-0.026075
132,B00005NFBD,"Freeman Facial Masque, Purifying - 6 fl oz Freeman Simplified BeautyPure Ambition&#153;&nbsp;Purifying&nbsp;Facial Clay ",0.015246,-0.003453,0.021212,0.03004,-0.018417,-0.014635,0.007667,0.001655,-0.052582,-0.020335,0.024806,0.002909,-0.025146,0.003082,-0.005253,-0.020905
133,B00005NFBJ,"Freeman Cucumber Facial Peel-Off Mask - 6 oz Freeman Clarifies and Renews SkinMade with natural, botanical ingredients, ",0.031802,0.012024,0.025513,0.03404,-0.019404,0.008074,-0.009789,0.013991,-0.045752,-0.005078,0.010638,0.014421,0.014329,-0.005623,0.005629,-0.025128
134,B00005O0MZ,Conair 1875 Watt Ionic Conditioning Hair Dryer Conair Dry your hair and improve its health at the same time with this  i,0.011942,0.009549,0.007361,0.007421,-0.005488,-0.006357,0.006896,-0.008889,-0.030014,-0.016515,-0.003384,0.011227,-0.022068,-0.007424,0.012934,-0.019941
135,B00005R1H2,"Skin Success Eventone Fade Milk with Vitamin E and Alpha Hydroxy - 8.5 Fluid Ounces Skin Success For Clearer, Brighter S",0.005879,0.000636,0.01691,0.030063,-0.026524,-0.000448,-0.00759,-0.000732,-0.057873,-0.002863,0.014577,0.010181,-0.016055,0.000162,-0.008863,-0.028572
136,B00005R1H3,"Skin Success Eventone Fade Cream, For Oily Skin - 2.7 oz Skin Success With Vitamins C &amp; E, Alpha Hydroxy &amp; Sunsc",0.011273,0.011667,0.022643,0.017529,-0.02074,-0.00021,-0.012133,-0.00977,-0.054664,-0.012982,-0.000811,0.014964,-0.01276,0.004375,-0.015832,-0.000202
137,B00005REAQ,Alba BotanicaTM Even Advanced Natural Moisturizer Sea Moss SPF 15 -- 2 fl oz Alba A daily dose of sun doesn't have to be,0.039756,0.036992,0.037072,0.031381,-0.02348,0.010137,-0.008373,0.011852,-0.038961,-0.025673,0.024665,-0.006597,0.010207,0.016914,-0.01011,-0.049434
138,B00005REAT,"Body Bath Honey Mango Alba Botanica 12 oz Liquid Alba Botanica Since 1979, Alba Botanica has offered natural, 100% veget",0.046768,0.030595,0.005642,0.007354,-0.033095,-0.006743,0.011687,0.017823,-0.026634,-0.017931,0.019611,-0.005558,-0.006312,-0.019469,0.022863,-0.017784
139,B00005S81T,"Skin Success Eventone Fade Cream, Regular - 2.7 oz Skin Success With Vitamins C &amp; E, Alpha Hydroxy &amp; Sunscreen.F",0.011836,0.010491,0.021935,0.016959,-0.017543,0.004105,-0.0116,-0.010134,-0.052541,-0.014762,-0.001544,0.018992,-0.01722,0.002121,-0.015979,0.000202
140,B00005T83D,"Palmer's Cocoa Butter Formula, Cream Soap Bar with Vitamin E, 3.5 oz - 1 ea Palmer&#39;s 1 Bar, 100g/3.5 ozA creamy coco",0.034114,0.010696,0.008273,0.003559,-0.013582,0.000456,0.011444,0.017524,-0.034401,-0.025567,0.023556,-0.003224,0.004405,-0.014318,-0.012349,-0.045074
141,B00005TZU8,"DreamTime Inner Peace Eye Pillow, Lavender Velvet DreamTime Discover the inner peace that resides within you.  DreamTime",0.034714,0.018156,0.021582,0.018065,-0.027608,0.002149,-0.004988,-0.003648,-0.050833,-0.014068,0.007192,-0.010833,-0.000264,0.004113,0.027315,-0.034891
142,B00005UN90,"Suave Naturals Body Wash, Ocean Breeze - 12oz. Suave Moisturizers Beauty Body Oils Skin Care",0.009065,0.021719,0.053963,0.040223,0.012731,-0.004291,0.038344,0.030339,-0.028046,-0.031492,-0.004528,-0.012788,0.005662,0.020994,-0.000958,-0.047669
143,B00005UQSP,"EO Shampoo for Fine/Oily Hair, Rosemary &amp; Mint, 8 fl oz (240 ml) EO Volumizing. A refreshing blend that gently clean",0.035787,-0.000373,0.017259,0.022589,-0.030622,-0.013363,-0.014268,0.017103,-0.042208,-0.034678,0.020237,-0.015655,-0.004554,-0.012228,0.010421,-0.027353
144,B00005V5OU,"Neutrogena Healthy Defense Daily Moisturizer, SPF 30, Light Tint 1.7 Ounce Neutrogena Healthy Defense SPF 30 Daily Moist",0.030111,0.027361,0.01895,0.036714,0.00321,-0.011137,-0.007811,0.004496,-0.036132,-0.021188,0.01787,-0.012657,-0.005068,0.022374,-0.020556,-0.008136
145,B00005V5OW,"Maybelline Lash Discovery Washable Mascara, Very Black - .16 fl oz Maybelline Exclusive lash catching mini brush allows ",0.042907,0.033589,0.003671,0.023837,-0.02582,-0.011595,-0.003968,0.029164,-0.052463,0.016924,-0.001115,-0.010112,-0.000894,0.009684,0.006352,-0.046671
146,B00005V5P6,"Maybelline New York Purestay Powder &amp; Foundation SPF 15, Ivory - .34 oz Maybelline Lasting finish that's powder pure",0.017079,0.005663,0.020741,0.042316,0.006421,-0.013111,0.005588,0.026621,-0.050754,-0.012687,0.005458,0.005421,-0.017064,0.034327,0.002447,-0.030441
147,B0000632EE,"Fallene Total Block UVA/UVB Complete Broad Spectrum Sun Protection, SPF 65 Clear, 2 fl Ounces (59 ml) Fallene Fallene To",0.004146,0.021814,0.017214,0.030459,-0.001045,0.00157,-0.015822,0.012787,-0.041968,-0.024661,0.006316,-0.005989,-0.006109,0.001752,-0.011213,-0.017408
148,B0000632EN,"Aveeno Positively Radiant Skin Brightening Daily Scrub, 5 Ounce Aveeno This daily facial scrub helps improve skin tone, ",0.030611,0.032307,0.029065,0.037969,-0.034453,-0.001642,0.005607,0.007488,-0.030203,-0.03691,0.020783,-0.013703,0.007843,0.000309,0.005502,-0.036643
149,B00006598X,"Aquis Microfiber Hair Towel, Lisse Crepe, Pink (19 x 39-Inches) Aquis Aquis towels are made of Aquitex, a super absorben",0.04767,0.020966,0.003902,0.018925,-0.034305,0.002688,-0.017323,0.001931,-0.046759,-0.032107,0.00018,0.015192,-0.010628,0.005191,0.016672,-0.027582
150,B000065DJY,"Revlon Perfect Heat 1875W Shine Boosting Hair Dryer, RV484 Revlon Give yourself shinier, softer hair with less frizz. Io",0.01516,0.000588,0.001324,0.012973,-0.025691,-0.020364,0.010445,0.000484,-0.033679,-0.009392,0.012556,0.006516,-0.010613,0.01381,0.016491,-0.033021
151,B000065DK4,"Vidal Sassoon VS184C Three-Barrel Waver Vidal Sassoon Like three curling irons merged into one, this waver iron from  Vi",0.03185,-0.00238,0.022583,0.014004,-0.01095,0.012696,-0.00212,0.001833,-0.033829,-0.00168,0.001712,-0.0087,-0.012488,-0.003662,0.002806,-0.027329
152,B000066CKS,Badger - Healing Balm For Hardworking Hands Badger Healing Balm For Hardworking Hands - 0.75oz (21g) Badger Healing Balm,0.019953,0.042082,0.00592,0.019909,-0.033928,0.016287,0.00708,0.022317,-0.043081,-0.002347,0.039022,-0.020723,0.018189,-0.028656,-0.026821,-0.063373
153,B0000682T7,"Badger Balm, Sleep Balm - 2 oz Badger A dreamy night balm rich with precious oils to calm, encourage, cheer and relax po",0.021668,0.037507,0.045668,0.038407,-0.050702,-0.01541,0.003856,-0.003369,-0.039256,-0.038277,0.025548,-0.030804,-0.005992,0.009175,-0.004142,-0.052887
154,B0000683O5,"CoverGirl Lipslicks Lip Gloss, Clear - .14 oz COVERGIRL Hint of ShimmerSheer Shimmer, High Shine!Helps protect lips from",0.027271,0.014747,-0.000591,0.03517,-0.003616,0.009202,0.016417,0.011639,-0.053601,-0.0056,-0.012418,0.007308,-0.014732,0.020004,0.004986,-0.039933
155,B000068U49,Kingsley Shave Soap Bowl with Lid Dark Wood Pendergrass Shaving Bowl This Shaving Bowl is a stylish way to hold your sha,0.02496,0.004009,0.012538,0.027628,-0.01782,0.012693,0.014026,0.005518,-0.028597,-0.026705,0.029025,0.008335,0.01645,0.002001,0.011662,-0.02466
156,B00006FDU6,Conair Straight Waves 3-in-1 Specialty Styler Conair Get maximum efficiency from your hairstyling tools with this five-i,0.03003,0.008621,0.025076,0.00808,-0.016025,0.015814,-0.010378,0.008597,-0.010726,0.005669,-0.019073,0.002992,-0.02074,0.009938,-0.007511,-0.04246
157,B00006FE30,"Neutrogena Clear Pore Cleanser/Mask, 4.2 Fluid Ounce (125 ml) Neutrogena 3524078 Beauty Cleansers Skin Care Face",0.051438,0.002452,0.037757,0.070035,0.011242,-0.000113,0.025954,0.037037,-0.040862,-0.008612,0.001679,-0.010674,0.003114,0.034993,-0.007693,-0.014445
158,B00006FRW7,"Aveeno Clear Complexion Daily Moisturizer, 4 Ounce Aveeno This daily moisturizer has a unique formula with an exclusive ",0.006049,-0.001778,0.017351,0.027524,-0.040654,0.000687,-0.002489,0.000791,-0.039924,-0.012032,0.01635,-0.008156,-0.025031,0.007599,-0.021651,-0.010293
159,B00006IGL3,"Kiss My Face Organics Break Out, Botanical Acne Gel, 1 fl oz Kiss My Face Certified Organic: Contains the purest wildcra",0.030877,0.027925,0.022669,0.046948,-0.049488,-0.011819,0.004028,-0.000628,-0.058886,-0.0224,0.011634,-0.011376,0.000392,0.008666,0.000836,-0.046651
160,B00006IGL8,"Kiss My Face Deep Cleansing Mask Pore Shrink , 2 Fluid Ounce Kiss My Face For a deep down cleansing, we recommend Pore S",0.039702,0.016781,0.01306,0.025936,-0.029051,-0.001572,0.003103,0.003048,-0.039745,-0.008423,0.0222,-0.003539,0.006411,0.009359,-0.002115,-0.032714
161,B00006IV22,Conair 1875 Watt Dual Voltage Folding Handle Hair Dryer Conair The conair ion shine travel ionic styler is compact and l,0.03882,0.008917,-0.004294,0.019695,-0.034108,0.01401,0.000242,0.003621,-0.021205,-0.017517,0.016473,-0.003864,-0.030271,0.018322,0.018683,-0.033721
162,B00006IV2E,"Conair BC40JBC Hot Brush, White, 0.75 Inch Conair This 3/4-inch styling brush features a pearlized handle for optimum co",0.045507,0.017425,0.017629,0.024236,-0.005903,-0.023281,-0.019485,0.003671,-0.023467,-0.004713,-0.001432,-0.001412,-0.001793,0.006464,0.040005,0.007958
163,B00006IV2F,"Instant Heat Hot Brush, 3/4-Inch Conair Features:Automatic shut offTangle-free ball tipped bristlesPatented European des",0.043267,0.045548,0.007608,0.050661,-0.030303,-0.003512,-0.033604,-0.009191,-0.0206,-0.007175,-0.010749,0.019133,-0.001423,0.003244,0.022045,-0.007861
164,B00006IV30,Conair Instant Heat Travel Hairsetter Conair The jumbo rollers instant heat travel hairsetter heats up in just 2 quick m,0.060284,0.020063,0.001939,0.021495,-0.019317,0.00864,-0.013308,-0.011672,-0.037779,-0.025718,0.020672,0.018805,-0.018615,-0.006887,0.005423,-0.012035
165,B00006JN4F,"L'Oreal Paris Superior Preference Hair Color, LB-01 Extra Light Ash Blonde L&#39;Oreal Paris Long-Lasting&nbsp;Color Wit",0.018277,0.032865,0.008419,0.027989,-0.038572,0.007673,-0.005826,-0.017043,-0.048877,-0.032862,-0.002904,0.003469,-0.028056,0.016174,0.004623,-0.013491
166,B00006JT6O,Olay Total Effects Anti-Aging Night Firming Treatment - 1.7 Fl Oz Olay For those concerned about accelerating signs of a,-0.00475,-0.01461,0.023696,0.023996,-0.036304,0.00694,0.020739,-0.007834,-0.055326,-0.012113,-0.004062,0.010553,-0.015405,0.017503,-0.009695,-0.015033
167,B00006K14U,"Nivea for Men Energy Face Scrub, 4.4 Ounce Tube Nivea Men Beauty Scrubs Exfoliators & Scrubs Face Skin Care",0.009527,0.023913,0.048604,0.040846,0.015023,0.029652,0.021308,0.039412,-0.038025,-0.024813,-0.012708,0.01136,0.012118,-0.001431,-0.028569,-0.049703
168,B00006L9KV,"Thicker Fuller Hair Revitalizing Shampoo-12 oz Thicker Fuller Hair Pure plant extracts. Thicken Strength Revive fine, li",0.030333,-0.006872,0.028729,0.023878,-0.04839,-0.001213,-0.004805,-0.002428,-0.041905,-0.003583,0.028698,0.008454,-0.016259,-0.006921,-0.010353,-0.022284
169,B00006L9KW,"Thicker Fuller Hair Weightless Conditioner-12 oz Thicker Fuller Hair Advanced Thickening Solutions For Thicker, Stronger",0.02803,-0.00572,0.027277,0.026179,-0.040527,-0.002954,-0.020524,0.004591,-0.036016,-0.021596,0.043055,0.024678,-0.023618,0.009103,-0.002482,-0.033364
170,B00007FCQ1,"Blue Lizard Australian Sunscreen, Regular, SPF 30+, 8.75-Ounce Bottle Blue Lizard Blue Lizard Australian Suncream Regula",0.02764,0.038212,0.029872,0.026195,-0.006836,-0.021503,-0.010114,0.011171,-0.03479,-0.020349,0.011824,-0.008237,0.00249,0.016791,-0.005056,-0.017409
171,B00007KQF3,"Barielle Nail Strengthener Cream, 1 Ounce Barielle This exclusive formula, used to strengthen horses' hooves, provides h",0.011014,0.019526,0.018518,0.015754,-0.056133,-0.01082,0.000219,0.004561,-0.036594,-0.012141,0.004825,-0.017617,-0.003831,-0.016244,-0.008225,-0.034861
172,B00007M0CP,"Conair Xtreme Instant Heat Multisized Hot Rollers, Pink Conair Quick to heat and gentle on your hair, these hot rollers ",0.034539,0.000957,0.004086,0.004743,-0.014484,-0.000573,0.011124,-0.000818,-0.029134,-0.010133,0.000124,0.00956,-0.004105,-0.006217,0.0146,-0.004165
173,B000087L6T,"Rose Milk Skin Care Lotion - 8 fl oz LEE PHARMACEUTICAL CO. For Softer, Smoother, Younger Feeling Skin. Moisturizers Bea",0.033722,0.010448,0.054085,0.049976,-0.012466,0.016451,0.003398,0.023367,-0.051801,0.007072,0.027864,-0.002457,0.010506,0.007187,0.004594,-0.031051
174,B000089SA4,Soap Glycerine Vitamin-E 4 Ounces Clearly Natural &lt;P&gt;&lt;UL&gt; &lt;LI&gt; &lt;DIV&gt;Biodegradable&lt;/DIV&gt; &l,0.044508,-0.014489,-0.031378,0.051061,-0.009996,-0.028159,0.025708,-0.027021,-0.044046,-0.03569,0.058542,-0.014719,-0.044738,0.030897,0.017333,-0.051868
175,B00008BNZ4,Wahl 79900B Clip-N-Trim 23-Piece Complete Haircut Kit Wahl The Wahl Clip-N-Trim 23-Piece Complete Haircut Kit is a one-s,0.052023,-0.000653,-0.002365,0.017253,-0.024176,0.001609,0.000483,0.015429,-0.020827,-0.008312,-2.3e-05,-0.020069,0.00977,-0.013324,0.012179,-0.029324
176,B00008CMOQ,"Queen Helene Mint Julep Masque, 8 Ounce Queen Helene The Original Mint Julep MasqueHelps dry up acne pimplesRinses away ",0.023374,0.019586,0.005708,0.031102,-0.022785,0.010913,0.012357,0.005453,-0.036043,-0.007901,0.013477,0.029404,-0.005277,0.002148,-0.010335,-0.026469
177,B00008CMOR,Queen Helene Original Formula Antioxidant Grape Seed Extract Peel Off Masque -- 6 oz Queen Helene Antioxidant Grape Seed,0.030542,0.012161,0.015395,0.039586,-0.017245,-0.006496,-0.002241,-0.011874,-0.042653,0.006587,-0.009191,0.003069,-0.009026,0.008383,-0.018385,-0.025185
178,B00008CMOS,"Queen Helene Masque, Mud Pack - 8 oz Queen Helene The Original Natural English Clay Mud Pack MasqueAn old-fashioned, tim",0.028995,0.018761,0.010641,0.036283,-0.028246,0.004866,-0.013135,-0.014341,-0.046398,0.00908,0.015301,0.011888,-0.00218,-0.006964,-0.030415,-0.041696
179,B00008DPP8,"Softsoap Naturals Moisturizing Liquid Hand Soap with Milk &amp; Honey, Pump - 7.5 fl oz Softsoap Indulge your skin with ",0.023892,0.020747,0.009558,0.018508,-0.011481,-0.007442,0.00827,0.013797,-0.035185,-0.032026,0.027011,0.004009,-0.000676,0.006393,-0.007499,-0.035917
180,B00008J2XQ,"Aveeno Active Naturals Skin Relief Hand Cream, 3.5 Ounce Aveeno This unique, non-greasy and fragrance free hand cream is",0.052607,0.02749,0.018965,0.026744,-0.020676,-0.004872,0.001345,0.017063,-0.033784,-0.01734,0.029109,-0.016385,0.001132,0.007907,0.001846,-0.029972
181,B00008KA7P,No Rinse Shampoo - 16 floz (473.1 mL) Clean Life Products 16 oz Bottle Shampoos Beauty Hair Care,0.074312,0.000504,0.028807,0.022158,0.000781,0.007242,0.007445,0.010649,-0.045018,-0.025478,0.021501,0.005654,0.010571,0.003244,0.009975,-0.056215
182,B00008KA8D,"Revlon ColorStay Overtime Liquid Lipcolor, Keep Blushing Revlon 8 hours of color and the shiniest shine - all in one dou",0.03704,0.019702,-0.001654,0.033149,-0.017283,0.005948,0.009801,0.014502,-0.031016,0.000456,0.016119,0.013641,-0.043941,0.031393,-0.001107,-0.022836
183,B00008MNZH,"Eucerin Daily Protection Moisturizing Face Lotion, Broad Spectrum SPF 30 Eucerin Creams & Moisturizers Beauty Fluids & L",0.02463,0.037759,0.06162,0.053759,-0.0002,0.012633,-0.004618,0.012791,-0.033376,-0.038051,0.035287,-0.02138,0.014245,0.002095,-0.034236,-0.031004
184,B00008MOQE,"Maybelline Great Lash Mascara, Very Black -.43 Fluid Ounce Maybelline Maybelline&#x92;s lash-doubling formula conditions",0.031426,0.014117,0.023097,0.023476,-0.019046,-0.014096,0.005003,0.025284,-0.04404,0.008854,-0.008968,-0.006082,-0.005604,0.016526,0.015868,-0.039762
185,B00008MOQJ,"Maybelline Great Lash Curved - Very Black Maybelline Maybelline&#x92;s lash-doubling formula conditions as it thickens, ",0.028035,0.018783,0.021631,0.026971,-0.02353,-0.019475,-0.004572,0.017606,-0.046034,0.00674,-0.002544,0.001425,-0.006414,0.015048,0.014955,-0.037168
186,B00008MOQN,"Maybelline Great Lash Waterproof Mascara, Very Black- .43 Fluid Ounce Maybelline Maybelline&#x92;s lash-doubling formula",0.030035,0.014237,0.020841,0.021075,-0.021709,-0.013842,0.003696,0.027042,-0.043187,0.008618,-0.006775,-0.005537,-0.005299,0.016504,0.015332,-0.039458
187,B00008O2X5,"Almay Anti-Perspirant &amp; Deodorant, Clear Gel, Fragrance Free - 2.25 oz Almay Hypo-Allergenic. Provides the ultimate ",0.03847,0.0492,0.006721,0.033548,-0.027915,-0.000669,-0.005228,-0.003691,-0.04277,-0.047771,0.009889,-0.009704,0.018713,0.01012,0.010058,-0.031632
188,B00008PC1O,"Sun-In Spray-In Hair Lightener, Original - 4.7 fl oz Sun-In Sun-in super brings out your natural highlights just like th",-0.01658,0.017576,0.028146,0.01401,-0.037272,0.005642,-0.012716,0.011521,-0.025475,-0.015507,0.005283,0.013348,-0.038039,-0.002338,-0.020128,-0.045016
189,B00008ZPG9,Olay Regenerist Deep Hydration Regenerating Cream Facial Moisturirzer 1.7 Fl Oz Olay Moisturizers Beauty Body Oils Skin ,0.024765,-0.004267,0.05517,0.069723,-0.008238,0.01348,0.02054,0.011689,-0.055539,-0.004171,0.006804,-0.009902,0.00379,0.014763,-0.016573,-0.027998
190,B00008ZPGA,Olay Regenerist Regenerating Serum Moisturizer 1.7 Fl Oz Olay Moisturizers Beauty Body Oils Skin Care,0.016624,0.004772,0.057132,0.068556,0.000162,0.01872,0.027556,0.021263,-0.042262,-0.008591,0.003722,-0.008905,0.0108,0.022921,-0.025827,-0.01882
191,B000092OX4,"Olay Regenerist Regenerating Lotion With Sunscreen Broad Spectrum SPF 15 2.5 Fl Oz Olay If you spend any time outdoors, ",0.009442,0.014934,0.038143,0.022533,-0.024392,0.004302,-0.002642,0.001799,-0.03351,-0.011137,0.011671,-0.01081,-0.015639,0.009478,-0.026238,-0.004449
192,B000093A0U,Hugo By Hugo Boss For Women. Eau De Toilette Spray 1.3 Ounces HUGO BOSS Introduced in 1997. Fragrance notes: water lilie,0.025524,0.023052,0.00653,0.03972,-0.013055,0.002013,0.012428,0.00778,-0.027588,-0.016095,0.021591,-0.008221,-0.020129,0.015963,0.00061,-0.037972
193,B000093I60,"No-Rinse Body Bath, 16 oz Clean Life Products Feel Clean and Refreshed in Minutes.Leaves skin clean, refreshed and odor-",0.034327,0.004835,0.009583,0.033196,-0.04343,0.017829,-0.019577,0.016128,-0.035874,-0.060542,0.009829,-0.029385,-0.000464,0.012492,-0.010707,-0.047452
194,B000094Q6C,"Tournmaline Ceramic Curling Iron, 3/4-Inch Conair If you were around in the &#x91;70s, the words ""curling iron"" may brin",0.043095,-0.000795,0.015625,0.028226,0.000787,-0.010707,-0.008692,-0.001493,-0.021149,-0.012392,-0.000409,0.020875,0.004103,0.002686,0.014313,-0.023004
195,B000094ZDX,Conair 1600 Watt Folding Handle Hair Dryer Conair 124ANP Features: Mini turbo folding hair dryer with 2 Heat/speed setti,0.058149,0.020706,0.007121,0.03597,-0.007271,-0.001716,-0.002796,0.003796,-0.042579,-0.025563,0.009864,0.014191,-0.013451,0.001046,0.022118,-0.017449
196,B0000950LF,"Promensil Menopausal Relief Supplement Tablets, 60-Count Box Promensil A dietary supplement of plant estrogens extracted",0.016835,0.017141,0.011567,0.023777,-0.022052,0.007774,-0.031463,-0.000147,-0.041402,-0.034318,0.009736,-0.011092,-0.025419,0.001196,0.01655,-0.007064
197,B000095SDS,Scalpicin Max Dermatology Scalpicin Scalpicin Max Dermatology Pack of 1 Hair & Scalp Treatments Beauty Hair Care,0.0591,0.019217,0.029637,0.042931,-0.046305,0.017207,0.010427,0.013765,-0.070921,-0.015564,0.0539,-0.000807,-0.007314,0.020274,0.013301,-0.027481
198,B00009WO0W,"Weleda Children's Tooth Gel, 1.7 oz Weleda Weleda Children's Tooth Gel - 1.7 ozProtect developing teeth and gums with na",0.034147,0.016935,0.025375,0.026015,-0.025118,-0.001457,-0.01245,0.028424,-0.014296,-0.019698,0.003425,-0.018274,-0.016524,0.003518,-0.000472,-0.011576
199,B0000AFUTL,"Jerdon JP7506CF 8-Inch Two-Sided Swivel Wall Mount Mirror with 5x Magnification, 13.5-Inch Extension, Chrome Finish Jerd",0.032651,-0.019906,0.017455,0.024655,-0.018324,0.033469,-0.012417,0.002271,-0.038462,0.00586,-0.038301,-0.016278,-0.01352,0.009062,-0.000424,-0.037191
200,B0000AJ3PT,"Aveeno Active Naturals Creamy Moisturizing Oil, 12 Ounce Aveeno This light body moisturizer locks in moisture all day lo",0.037178,0.021207,0.019294,0.044209,-0.02515,0.010945,0.011746,0.014887,-0.036049,-0.026467,0.031176,-0.009858,-0.011444,0.005398,0.000935,-0.025278
201,B0000AJ3PU,"Aveeno Active Naturals Stress Relief Moisturizing Lotion, 12 Ounce Aveeno Aveeno Stress Relief Moisturizing Lotion helps",0.034104,0.006599,0.028011,0.046348,-0.003801,0.007045,0.0105,0.007388,-0.045579,-0.014765,0.026691,-0.01523,-0.019121,-0.000202,-0.003296,-0.03318
202,B0000AJ3Q3,"L'Oreal Paris Double Extend Mascara, Blackest Black, 0.33 Ounces L&#39;Oreal Paris +60% Visibly LongerStep 1:&nbsp; Lash",0.024904,0.018033,0.014705,0.02077,-0.030646,-0.007857,-0.000119,0.021037,-0.040439,-0.030443,0.004182,-0.013759,-0.030689,0.004362,-0.011188,-0.034496
203,B0000AN9L9,"Neutrogena Transparent Facial Bar Bonus Pack, Original Formula - 6 ea, 3.5 oz each, total 21 oz Neutrogena Neutrogena Or",0.03048,0.016714,0.000741,0.014799,-0.029118,0.008526,-0.002341,0.005639,-0.046422,-0.040818,0.020063,-0.015927,0.002868,-0.012532,-0.003188,-0.006365
204,B0000AS54S,"Udderly Smooth Udder Cream, Skin Moisturizer, 4 Ounce Tube Udderly Smooth Udderly  SMOOth Udder Cream is a water-based m",0.025483,0.043968,-0.002698,0.02453,-0.040638,0.012866,0.003119,-0.006045,-0.015128,-0.027137,-0.000358,-0.012922,-0.017449,-0.020352,-0.004799,-0.029079
205,B0000BV14G,"Cool Water By Davidoff Eau-de-toilette Spray, 1.7-Ounce Davidoff Cool Water by Davidoff was first manufactured in 1997. ",0.037654,0.053967,0.00115,0.037006,-0.034727,0.002657,-0.003597,-0.003463,-0.012871,-0.036879,-0.004958,-0.005529,0.025779,0.020669,-0.001295,0.00348
206,B0000C0XL8,"Desert Essence Organic Jojoba Oil -- 4 fl oz Desert Essence For Hair, Skin &amp; ScalpDesert Essence Organic Jojoba Oil ",0.028845,0.015775,0.019074,0.023582,-0.029847,-0.002848,0.013653,0.00121,-0.039806,-0.001051,0.010641,-0.024434,-0.01279,0.003851,-0.00114,-0.055829
207,B0000C4COV,"derma e Soothing Skin Treatment, Tea Tree &amp; E Antiseptic Cr&egrave;me, 4 oz (113 g) Derma E Derma E Tea Tree (5%) & ",0.021513,0.021398,0.023155,0.026559,-0.023124,-0.000193,-0.00163,0.011851,-0.043727,-0.011106,0.014216,-0.01819,0.003123,-0.017577,-0.013893,-0.043667
208,B0000CC64W,Olay Regenerist Daily Regenerating Serum - Fragrance Free Moisturizer 1.7 Fl Oz Olay Creams & Moisturizers Beauty Fluids,0.027056,0.021379,0.050866,0.057901,0.001924,0.021529,0.002252,0.005231,-0.0398,-0.0348,0.017933,-0.014232,0.019104,0.012298,-0.013035,-0.037123
209,B0000CDVN6,"Conair Spiral Styler, 0.75 Inch Conair &lt;P&gt;&lt;STRONG&gt;The Perfect Size For Beautiful Spiral Curls.&lt;/STRONG&gt",0.027464,-0.014693,-0.016684,0.055461,-0.006895,-0.026295,0.008514,-0.041639,-0.040765,-0.041416,0.016572,0.002137,-0.028296,0.038414,-0.00186,-0.060164
210,B0000CNR0E,"Household Essentials Travel Tie Case, Black Household Essentials This padded tie case protects up to six neckties from w",0.060897,0.032148,0.000586,0.01044,-0.028025,0.011311,6.9e-05,-0.012677,-0.028206,-0.031317,0.01868,0.014788,-0.021181,0.010794,0.013725,-0.025852
211,B0000CNR0J,"Household Essentials Grooming Travel Bag Organizer, Black Household Essentials Padding on all sides of this rectangular ",0.048822,0.011941,-0.004708,0.027661,-0.015713,0.0114,0.003053,-0.011325,-0.024433,-0.038241,0.02273,0.005163,0.00365,-0.008355,-0.005484,-0.023249
212,B0000UJJH0,"Desert Essence Tea Tree Oil 100% Pure, 2-Ounce Desert Essence Dessert Essence Tea Tree Oil is an essential oil grown in ",0.054293,0.034786,0.002562,0.044852,-0.036626,0.002884,-0.005802,0.020453,-0.023023,0.015232,0.009046,-0.024941,0.0157,-0.008587,-0.0039,-0.026458
213,B0000UTUS8,"Aquis Microfiber Hair Turban, Lisse Crepe, Patented Design, White Aquis Aquis towels are made of Aquitex, a super absorb",0.045187,0.026243,0.015754,0.020347,-0.027839,0.0012,-0.013761,0.007605,-0.050342,-0.025303,0.007551,0.022214,-0.009275,0.004395,0.021876,-0.019253
214,B0000UTUVU,"Mrs. Meyer's Clean Day Dish Soap, Lavender, 16 Ounce Bottle Mrs. Meyer&#39;s Clean Day Here's something you simply can't",0.038862,0.052425,0.020211,0.028689,-0.033663,-0.008927,0.022336,0.006955,-0.030642,-0.031829,0.014222,-0.002441,-0.000375,-0.000321,0.003374,-0.029094
215,B0000UTUW4,"Mrs. Meyer's Clean Day Liquid Hand Soap, Lavender, 12.5 Ounce Bottle Mrs. Meyers Hands have never had it so good. Our Li",0.031306,0.035662,0.032111,0.033808,-0.017454,-0.001575,0.017646,0.007913,-0.028045,-0.015345,0.020843,-0.00256,0.004428,0.002701,0.011025,-0.022208
216,B0000VC1YC,"Neutrogena Body Oil, Light Sesame Formula, 32 Ounce A sheer moisturizing experience. Experience Neutrogena Body Oil, its",0.039483,0.040418,0.023548,0.043512,-0.012463,0.005496,0.002121,0.02238,-0.045165,-0.027149,0.01015,0.012745,-0.009523,0.012729,0.013407,-0.023561
217,B0000XMQTA,Irene Gari Cover Your Grey for Women Touch Up Stick Medium Brown Irene Gari Buy Irene Gari Hair Color Gray Coverage - Ir,0.006772,0.031229,0.008299,0.035052,-0.041169,0.024423,-0.009975,0.013019,-0.060521,-0.013848,0.003295,-0.005412,-0.008471,0.005665,0.010063,-0.050369
218,B0000Y3C3I,"Afirm 3X AFIRM, a retinol cream, reduces the appearance of fine lines and makes your skin look and feel smoother and fir",0.020187,0.024704,0.012183,0.023106,-0.022213,-0.016043,-0.024549,-0.005876,-0.030541,-0.014347,0.005497,0.014175,-0.031751,0.006237,-0.011448,-0.01057
219,B0000Y3COC,PanOxyl Bar 10% - 4 oz - 1 Bar Panoxyl PanOxyl Bar 10% contains Maximum Strength 10% Benzoyl Peroxide to kill the bacter,0.000394,0.017719,0.01088,0.036249,-0.033216,-0.00617,0.015243,0.013749,-0.034115,-0.010545,0.03111,-0.019014,-0.007241,0.015915,-0.023034,-0.033904
220,B0000Y3CRY,"Nizoral Anti-Dandruff Shampoo, 4 oz. Nizoral Controls flaking, scaling and itching associated with dandruff. Shampoos Be",0.018714,0.04036,0.034374,0.03706,-0.028559,0.011754,0.022487,0.012369,-0.038842,-0.02264,-0.022074,-0.01458,0.022229,-0.009152,0.015316,-0.027771
221,B0000Y3CSI,"Neutrogena T/Gel Original Shampoo - 16 oz Neutrogena T/Gel Shampoo Original(New Scent) starts to work on contact, to hel",0.010918,0.04512,0.016254,0.036861,-0.041823,0.039044,0.018165,-0.008768,-0.057108,-0.029391,0.007406,-0.010972,-0.01421,-0.004919,-0.008497,-0.000597
222,B0000Y3D4G,"Neutrogena Norwegian Formula Lip Moisturizer, SPF 15, 0.15 Ounce Nuetrogena Conditions & Protects Dry, Chapped Lips Guar",0.023228,0.032248,0.04717,0.048519,-0.010367,-0.006909,-0.003584,0.015671,-0.05317,-0.028256,-2.7e-05,-0.009077,-0.004376,0.024573,-0.016366,-0.011949
223,B0000Y3D4Q,"Rezamid Acne Treatment Lotion, 2 oz. Summers Laboratories The original acne therapy with Color Matcher. Comes with a tub",0.011602,0.020641,0.015379,0.043277,-0.026128,-0.004868,-0.023274,0.000737,-0.049143,-0.037996,0.013022,-0.027585,-0.022467,0.004359,-0.024336,-0.02345
224,B0000Y3DAK,DHS Clear Shampoo 8 oz DHS DHS Clear Shampoocontains a unique blend of special cleansing and conditioning agents that ca,0.037381,0.030253,-0.003064,0.028459,-0.03846,-0.018956,0.000267,-0.002247,-0.030224,-0.032158,0.014273,0.008403,-0.014327,0.006595,0.020204,-0.005433
225,B0000Y3FQC,"Diamancel Tough Buffer #11 Diamancel Im the first to admit I wondered about this item when I first received it, but I am",0.032445,-0.002316,0.004485,0.057654,-0.012989,0.002669,0.00872,-0.01611,-0.036528,-0.007948,0.029976,0.000569,-0.006445,0.027164,-0.004351,-0.061828
226,B0000Y3FRG,"Obagi Nu-Derm Foaming Gel -- 6.7 fl oz Obagi Medical Obagi Foaming Gel combines a blend of herbs, natural cleansers and ",0.035235,0.027714,0.025821,0.029834,-0.026775,-0.007253,-0.000797,0.001428,-0.042303,-0.009486,0.003019,0.010887,0.00429,-0.002524,0.009156,-0.020852
227,B0000Y3GF2,"Free &amp; Clear Hairspray Firm Hold, 8 Ounce Free &amp; Clear Free & Clear soft, easy hold hair spray is a hair spray m",0.034651,0.01797,0.004386,0.018954,-0.030863,-0.03286,-0.011419,0.018906,-0.042146,-0.034762,0.012453,-0.008486,0.010247,-0.012105,0.014176,-0.031958
228,B0000Y3GIE,"Nailtiques Formula 2 Nail Growth Formula Treatments, 0.25 Ounce Nailtiques Nailtiques formula 2 treatment for soft, peel",0.036266,0.0304,0.003901,0.013334,-0.068097,-0.015988,-0.001915,0.007748,-0.054129,-0.001851,0.012237,0.013292,0.003506,-0.006819,0.002986,-0.026179
229,B0000Y3LAC,Jobst It Stays Roll-on Body Adhesive 2 oz. (3 pack) Jobst Roll-on body adhesive helps Jobst garments stay in place. Mois,0.030164,0.078078,0.047261,0.053759,0.00139,-0.001967,0.01479,0.009293,-0.060724,-0.012791,0.011135,-0.001281,0.022749,-0.012923,0.024712,-0.011945
230,B0000Y8H3S,"Rogaine for Men Hair Regrowth Treatment, Extra Strength Original Unscented, Set of 3, 2-Ounce Bottles Rogaine ROGAINE Ex",0.003771,0.010471,0.017063,0.027386,-0.013303,-0.001329,0.019526,0.003593,-0.035847,-0.031516,0.002701,-1e-05,0.012209,0.007503,0.003409,-0.008671
231,B0000YUWY0,"jerome russell Hair Color Thickener for Thinning Hair, Black, 3.5 Ounce Jerome Russell Helps cover and color light to me",-0.002168,-0.005957,0.011808,0.011073,-0.065688,-0.007652,-0.008993,0.009569,-0.056774,-0.020186,0.004768,0.000743,-0.015837,0.011244,-0.005667,-0.056738
232,B0000YUX4O,Mebco Tortoise Shower Detangler Fromm Popular professional comb styles in an elegant tortoise finish. Come in several di,0.057794,0.014444,0.022131,0.028178,0.008467,-0.006322,0.001371,0.004409,-0.049628,-0.00488,-0.018544,0.02954,0.002904,-0.003757,0.016987,-0.007921
233,B0000YUXGW,"Mavala Scientifique (Nail Hardener) MAVALA The tip of the nail is the most fragile, most unprotected part and breaks eas",0.031586,0.041481,0.018181,0.004278,-0.035196,0.002817,-0.017599,0.011861,-0.040405,-0.008973,0.0018,-0.015137,-0.002192,0.017595,-0.034826,-0.024092
234,B0000YUXI0,"Mavala Stop - Helps Cure Nail Biting and Thumb Sucking, 0.3-Fluid Ounce MAVALA A transparent formula with a distinct bit",0.03033,0.046316,0.034374,0.031427,-0.028404,0.001685,-0.016372,0.009554,-0.037701,-0.008003,0.001741,-0.003197,0.022141,0.001796,0.000847,-0.031876
235,B0000YV6BI,"ApHogee Shampoo for Damaged Hair Aphogee ApHogee Shampoo for Damaged Hair is for permed, color-treated or damaged hair. ",0.020361,0.001467,0.021429,0.026432,-0.044454,-0.024353,-0.005092,0.021875,-0.048723,0.004695,0.018754,-0.014614,-0.010853,-0.015145,0.033394,-0.044727
236,B0000YV6YK,One 'n Only Colorfix one &#39;n only One 'n only Colorfix gently removes permanent hair color no matter how long it has ,0.024046,0.018675,0.020446,0.034065,-0.047116,-0.014786,-0.018792,-0.000976,-0.013479,-0.025551,0.011138,-0.020751,-0.011288,0.012741,0.011908,-0.010531
237,B0000YV83O,"Facial-Flex Facial Exercise System Facial Concepts, Inc. Facial-Flex Ultra System includes:
One Facial-Flex Ultra unit
6",0.014999,0.043437,0.024082,0.038607,-0.03031,0.013331,-0.03341,-0.013921,-0.014514,-0.035246,0.017178,0.00932,-0.000474,-0.013622,0.021366,-0.011524
238,B0000ZHH5G,"Vanicream Moisturizing Skin Cream, 16 Ounces Vanicream A non-greasy, long-lasting moisturizing cream that is easy-to-spr",0.028715,0.007111,-0.00031,0.041273,-0.029359,-0.029022,-0.020892,0.004871,-0.051572,-0.038066,0.014514,-0.032456,-0.011515,-0.000839,0.007714,-0.051768
239,B0000ZHOEU,"Free &amp; Clear Liquid Cleanser, 8 Ounce Free &amp; Clear Free & Clear liquid cleanser is effective, yet gentle on sens",0.032023,0.016929,0.010374,0.039431,-0.036969,-0.00612,0.001184,0.021556,-0.042183,-0.026084,0.013036,-0.01467,0.001426,0.024839,0.001526,-0.019678
240,B0000ZLEFU,"Auric Blends Perfume Oil, 0.33 oz - Coco Mango Auric Blends A fruity, tropical blend of sweet coconut and exotic mango. ",0.040047,0.043224,0.014063,0.050751,-0.023356,0.010321,-0.002349,0.018071,-0.035214,-0.028046,-0.000295,-0.011515,0.019616,0.042852,0.01306,-0.055709
241,B0000ZLEX2,"Black Opium - Auric Blends Perfume Oils Auric Blends Black Opium...
Auric Blends Fine Perfume Oil...
1/3 Oz Roll-on Bott",0.01271,0.069916,0.013279,0.048246,-0.013996,0.029576,0.017979,0.012603,-0.045228,0.001603,0.0104,-0.021153,0.000112,0.025907,0.00022,-0.051962
242,B00011JI88,"Ardell Fashion Lashes - 120 Black Demi Ardell 100% Human hair. Fashion lashes look so real, so natural that others think",0.064227,0.033311,0.0107,0.018602,-0.024334,-0.011333,0.00137,7.5e-05,-0.06168,0.012196,0.010273,0.006318,0.01043,-0.012178,-0.004469,-0.030059
243,B00011JOQY,Cricket Static Free Fast Flo Cricket Eliminates fly aways that lead to stick up static hair. A great styler to sculpt ha,0.04372,0.023049,0.021193,0.019996,5.9e-05,0.000601,0.002991,-0.008562,-0.040491,-0.019349,0.01212,0.009887,-0.006186,0.006472,0.013581,-0.021682
244,B00011JOR8,"Cricket Hair Brush Static Free, Mini Fast Flo, 1.28 Ounce Cricket Designed to dry hair in record time. Vent patterns and",0.030416,0.023374,0.034901,0.015881,-0.000779,-0.001997,-0.003507,-0.010647,-0.03775,-0.020463,0.014872,0.003355,-0.016829,0.004314,0.029478,-0.021524
245,B00011JTFA,Star Nail Pen-Style Polish Corrector Makeup Nails Beauty Nail Polish Remover,0.012469,0.029029,0.020266,0.028195,-0.025849,0.010754,0.012635,0.0316,-0.098687,0.076563,-0.019336,-0.001908,-0.009601,0.027588,-0.048313,-0.031096
246,B00011QTZI,"Cricket Technique Barrel Hair Brush, XX-large Round, 2 Inch Cricket Get the perfect blowout with the technique thermal b",0.038306,0.012916,-0.002105,0.015864,-0.01948,-0.026656,-0.010375,0.00491,-0.050051,-0.014185,0.004897,-0.003529,-0.007829,-0.009314,0.019918,-0.005784
247,B00011QUDE,"Helen of Troy 1514 Brush Iron, White, 1 1/2 Inches Barrel Helen Of Troy Helen of Troy Professional Brush Iron features a",0.042633,0.014622,-0.001536,0.024143,-0.011596,0.011358,-0.012971,0.016039,-0.029171,-0.017616,-0.006515,0.010416,0.000914,0.006439,0.013475,-0.040427
248,B00011QUKW,"Hot Tools HT1108 Professional Marcel Iron, 1 Inch Hot Tools Marcel iron even heat for longer lasting curls. Also it has ",0.042369,-0.001632,0.000767,0.022123,-2e-05,0.005223,-0.010174,0.003375,-0.020224,0.00666,0.016018,0.016751,0.008236,-0.007907,0.027322,-0.008054
249,B00011QVHO,"Spornette Porcupine Rounder Brush, 2-Inch Diameter Spornette Spornette 2"" diameter rounder for medium to long hair, rein",0.04497,-0.00472,0.005973,0.017556,-0.013389,0.006534,0.002893,0.007352,-0.044724,-0.009404,-0.009883,-0.00869,-0.013409,-0.000286,-0.007036,-0.041421
250,B00011QVIS,"Spornette Prego Brush, 2-Inch Diameter Spornette International Spornette's Prego 2"" diameter for short hair lengths.  Th",0.046104,0.010613,-0.009501,0.020328,-0.028983,-0.014504,-0.002031,-0.012661,-0.047823,-0.033063,-0.015236,-0.008553,-0.001649,0.009834,0.014019,-0.028744
251,B00011QVUG,For Pro Stretch Terry Headband with Velcro 3in. For Pro Headbands Hair Care Beauty Styling Accessories Styling Tools,0.021237,0.034576,0.035705,0.038357,0.010686,0.017113,0.00303,0.007807,-0.048463,-0.016375,0.010989,0.03404,-0.01065,-0.01571,-0.001505,0.01053
252,B000127UUA,"Camille Beckman Glycerin Hand Therapy, White Lilac, 8 Ounce Camille Beckman A Camille Beckman best seller. This unique r",0.035929,0.024696,0.012903,0.02511,-0.054149,-0.00369,-0.001525,0.011569,-0.035718,-0.002374,0.014346,0.00202,0.005752,0.009187,0.00328,-0.024254
253,B000127UVY,"Camille Beckman Glycerin Hand Therapy, Glycerine Rosewater, 6 Ounce Camille Beckman A Camille Beckman best seller. This ",0.040634,0.018788,0.021966,0.034856,-0.029052,0.006872,-0.007285,0.013851,-0.036915,0.007738,0.022474,-0.003935,0.004989,0.017214,-0.010971,-0.015459
254,B000127VFE,"Camille Beckman Silky Body Moisturizing Cream, Glycerine Rosewater, 16 Ounce Camille Beckman Light and non-greasy, the S",0.032176,0.004446,0.011001,0.044918,-0.009475,0.002334,0.015761,0.01235,-0.035452,0.001423,0.019522,-0.014672,0.009482,0.014251,0.007911,-0.031496
255,B00012NEYG,Burt's Bees Head to Toe Starter Kit Who says your pinky toe is any less important than your top lip? We think all of you,0.029034,0.043128,0.011762,0.025732,0.003435,0.013263,0.001356,0.002155,-0.020369,0.003894,-0.004542,0.005425,0.010904,-0.013619,0.005024,-0.020815
256,B00012NI7E,Burt's Bees Avocado Butter Pre-Shampoo Hair Treatment with Nettles and Rosemary - 4.34 fl oz Burt&#39;s Bees Rich and bu,0.026092,0.022348,0.018353,0.024814,-0.002236,-0.003028,0.012431,0.013878,-0.030084,-0.010906,0.026147,-0.014344,-0.001278,-0.00235,0.013383,-0.03721
257,B00012NJZA,"Burt's Bees Orange Essence Facial Cleanser, 4.3 Ounces Burt&#39;s Bees Brighten up your day and your skin with gentle an",0.026377,0.019402,0.000311,0.020647,-0.012967,-0.007592,0.011963,0.005938,-0.027066,-0.023956,0.012187,-0.036331,-0.007655,-0.005054,3.7e-05,-0.057387
258,B00012NKGS,"Burt's Bees: Citrus Facial Scrub, 2 oz Burt&#39;s Bees Burt's Bees Citrus Facial Scrub.2 oz (57g). Beauty Scrubs Exfolia",0.032024,0.002977,0.024881,0.031347,0.016961,0.008182,0.011925,0.009369,-0.031953,-0.01408,0.004984,0.005129,0.000269,-0.012531,-0.012797,-0.062022
259,B000136P7S,"Miracle of Aloe Miracle Hand Repair Cream 8 Oz Ontel Miracle of Aloe Miracle Hand Repair (8 oz)

Miracle Hand Repair wit",0.017249,0.030437,0.026015,0.038861,-0.020328,0.008504,0.001443,0.010795,-0.03353,-0.018848,0.016227,0.004207,-0.005941,0.013206,-0.021922,-0.042068
260,B00013TQRE,"Rogaine for Women Hair Regrowth Treatment 3- 2 ounce bottles Rogaine What's your secret to thick, healthy-looking hair? ",-0.008466,0.025764,0.038971,0.011886,-0.012859,0.022383,0.006222,0.010879,-0.027202,-0.041134,0.006493,-0.001795,-0.002626,-0.003357,-0.006251,0.004331
261,B00013YYS0,Burt's Bees - Cuticle Creme Lemon Butter - 0.6 oz. Burt&#39;s Bees Burt's Bees Lemon Butter Cuticle Cream.0.60 oz / 17 g,0.040046,0.007604,-0.001136,0.024976,-0.008761,-0.012596,-0.003812,0.005393,-0.041345,-0.001792,0.021446,0.001327,0.003277,-0.020612,0.003714,-0.074126
262,B00013YZ7U,Dr. Bronner's Almond Soap 32oz Dr. Bronner Dr. Bronners Almond 32oz OLAL32 Soaps Beauty Bath & Body Cleansers,0.053946,-0.002297,0.002251,0.043354,-0.011214,0.008561,0.016569,0.003838,-0.021862,-0.028922,0.02949,-0.018116,-0.008106,-0.004951,0.009247,-0.055803
263,B00013Z15A,Burt's Bees Day Creme Carrot Nutritive -- 2 fl oz Burt&#39;s Bees Carrot Nutritive Day Creme by Burt's Bees 2 oz Cream W,0.015228,0.016482,0.023551,0.022203,-0.028523,0.005175,0.00428,-0.017695,-0.027611,-0.017618,0.035893,-0.011513,-0.005367,-0.004414,-0.013905,-0.044172
264,B000141O6E,"Redken Extreme Anti-Snap Leave-in Treatment, 8.5 Ounce Redken Redken extreme anti-snap leave-in treatment for distressed",0.019022,0.009618,0.017,0.016711,-0.035647,-0.003236,-0.005928,0.021028,-0.002395,0.000897,0.015758,-0.005238,0.002715,0.005473,-0.012146,-0.032943
265,B000142AZ8,"Bain de Soleil Mega Tan Sunscreen Lotion With Self Tanner, SPF 4 - 4 fl oz Bain De Soleil Bain de Soleil&reg; Mega Tan&r",-0.004658,0.025987,0.00305,0.015583,-0.01876,-0.002766,-0.016237,0.005495,-0.046959,-0.011373,0.009971,-0.015294,-0.020844,0.014988,-0.018094,-0.024576
266,B000142C1A,"Essie Nail Polish Marshmallow, .5 Ounce Essie These high-quality nail polishes were vote the ""Best Overall Nail Polish L",0.016705,0.035669,-0.006535,0.039069,-0.034356,-0.022081,0.002515,0.007322,-0.061145,0.024524,-0.014265,0.027553,-0.005624,-0.015368,0.013328,-0.046014
267,B000142FVW,"Opi Nail Lacquer, Not So Bora Pink, 0.5 Fluid Ounce OPI A rich, creamy pink with an exotic twist. Whenever you find your",0.046773,0.028811,-0.009852,0.01761,-0.024465,-0.01548,-0.02786,0.027177,-0.041163,0.00544,-0.026997,0.028812,0.006856,0.013051,0.000884,-0.044583
268,B000142JDG,"Roux Fanci-Full Mousse, 18 Spun Sand, 6 Fluid Ounce Roux This Roux fanci-full mousse is a rich temporary color for light",0.018769,0.016715,0.02275,0.022187,-0.042529,-0.010717,-0.002782,0.018311,-0.032442,-0.017191,0.019973,0.013718,-0.014417,-0.00305,0.0197,-0.026149
269,B000142KZ8,Pretty Nails Instant Polish Remover Regular Pretty Nails Helps Retain Moisture and Adds Strength and Resiliency for More,0.043341,0.048287,0.037718,0.020729,-0.044468,-0.037021,-0.009158,0.02018,-0.066257,0.044064,0.005541,0.023333,-0.016936,0.016973,-0.004881,-0.01861
270,B000142MGA,Fran Wilson Eye Tees Precision Makeup Applicators 80 Cotton Swabs Fran Wilson Buy Fran Wilson Makeup Brushes & Applicato,0.057751,0.008778,0.011578,0.039382,-0.007941,0.007019,0.026759,0.001529,-0.035165,0.024826,-0.00429,0.01254,0.013513,-0.014101,-0.008922,-0.034887
271,B000142NDC,"Bigen Permanent Powder Hair Color, Dark Chestnut, .21 Ounce Bigen Bigen permanent powder hair color is ideal for those l",0.028045,0.011343,-0.00899,0.007516,-0.055659,-0.022941,-0.018495,0.026875,-0.040991,-0.031802,0.010365,0.007947,-0.017431,0.009241,0.001627,-0.044322
272,B000142OZY,"Aphogee Conditioner Pro-Vitamin Leave-In 8 oz. Aphogee Apply to wet or dry hair without rinsing. This deep penetrating, ",0.018455,0.010813,0.002089,0.029068,-0.025247,-0.009425,-0.02239,0.001339,-0.026491,-0.017397,0.016389,-0.03151,-0.008704,-0.005736,-7.6e-05,-0.026468
273,B000142P12,ApHogee Keratin and Green Tea Restructurizer 8 fl. oz Aphogee ApHogee Keratin and Green Tea Restructurizer is the first ,0.026245,0.016049,0.027039,0.033846,-0.019553,-0.0247,0.003021,0.005409,-0.039687,0.002537,0.013247,-0.005151,0.009788,-0.011502,0.000499,-0.01461
274,B000142PUS,"Clairol Professional Beautiful Collection Semi-permanent Hair Color, Light Reddish Brown Clairol Get an indulgent color ",0.009535,0.0027,0.014842,0.016783,-0.049216,0.000626,-0.015307,0.026712,-0.038678,-0.014613,0.012662,0.009071,-0.038964,-0.007813,0.009471,-0.02656
275,B000142Q6G,"Colora Henna Veg-Hair Chestnut 2oz Colora Henna Natural Organic Haircolor, Conditioner & Thickener With Plants, Water An",0.008522,-0.000858,0.01976,0.012037,-0.035153,-0.00901,-0.0104,0.023385,-0.037669,-0.003226,0.018964,-0.01321,-0.031782,-0.013306,0.010708,-0.02061
276,B000142TU4,Sally Hansen Polish Remover 8 oz. Strengthening Sally Hansen Strengthening Nail Polish Remover is formulated to help sof,0.031647,0.029182,0.012628,0.022684,-0.036219,-0.011588,-0.000696,0.00633,-0.048092,0.024366,-0.006778,-0.014997,-0.006886,0.001869,-0.007528,-0.016031
277,B000142U9E,"Fantasia High Potency IC Hair Polisher Styling Gel, with Sparkle Lites, 16 oz. Fantasia Aloe vitamins & wheat protein. T",0.031791,0.010645,0.010645,0.034761,-0.042944,-0.015718,-0.007373,0.007126,-0.05567,-0.032049,0.031251,-0.018997,-0.006315,-0.026999,0.002328,-0.035166
278,B000142ZFS,Super Nail Polish Thinner 4oz Super Nail Keeps nail polish consistently smooth for perfect application.Excellent for kee,0.029856,0.053476,0.019666,0.032939,-0.036879,-0.01268,-0.012265,0.014514,-0.081319,0.036301,0.005723,0.005167,-0.015614,0.031906,-0.023094,-0.040647
279,B0001431AG,"Fran Wilson Cake Eyeliner, Black, 0.09 Ounce Fran Wilson This is the formula professional make-up artists use. Makeup Be",0.013296,0.021783,0.031677,0.047686,-0.022067,-0.017507,0.036565,0.039646,-0.066119,0.043709,-0.018423,-0.013287,-0.001883,0.038432,-0.008005,-0.049691
280,B0001432S2,"OPI Natural Nail Strengthener Treatment, 0.5-Fluid Ounce OPI Builds in layers of protection on natural nails. helps natu",0.02865,0.023474,0.015693,0.028719,-0.03276,-0.00043,-0.018892,0.022076,-0.041227,0.012892,0.004635,0.009155,0.008466,0.005432,0.00215,-0.012465
281,B0001433OU,"OPI Nail Lacquer, Pirates of The Caribbean Collection, Stranger Tides, 0.5 Fluid Ounce OPI The Pirates of the Caribbean ",0.045527,0.035114,0.010981,0.019938,-0.022624,-0.00037,0.004984,0.014209,-0.045959,-0.004378,-0.022581,0.022958,0.024926,0.008259,0.00058,-0.032647
282,B0001433VI,"OPI Start-to-finish Base Coat, Top Coat and Nail Strengthener, 0.5-Fluid Ounce OPI Start-to-finish is a breakthrough, th",0.02859,0.034844,0.019395,0.018078,-0.026768,-0.010082,-0.015513,0.029888,-0.044767,-0.001552,-0.009596,-0.006919,-0.001958,0.004425,-0.002558,-0.027304
283,B000143AY8,Fran Wilson Yellow Mood Matcher Fran Wilson The original MoodMatcher Lip Care Stick with SPF 6 combines Long Lasting 12 ,0.016767,0.03923,0.019601,0.02336,-0.024842,-6.7e-05,-0.007855,0.019906,-0.059415,0.015089,0.021847,0.003537,-0.028974,0.020121,0.016834,-0.03655
284,B000143CFA,Andrea Eyelash Adhesive: Clear Andrea Andrea Eyelash Adhesive: Clear. For sensational looking eyes get Andrea Eyelash Ad,0.021265,0.035904,0.034749,0.056444,-0.044465,-0.027086,0.018591,-0.004039,-0.045877,0.040116,0.000392,-0.019372,-0.009478,-0.011057,0.000475,-0.031065
285,B000143K2A,"Mane 'n Tail Deep Moisturizing Conditioner Mane &#39;n Tail For shiny, healthy hair fortified with essential vitamins an",0.029172,0.010287,0.01906,0.027121,-0.02991,-0.016814,-0.011679,0.000229,-0.026276,-0.000656,0.030701,-0.004527,-0.001548,0.016809,0.024156,-0.035252
286,B000143O7G,"Instant Peel Natural Dead Skin Remover Instant Peel Instantly peels away dead skin, sebum and impurities to uncover fres",0.024818,0.013292,0.029997,0.012741,-0.041841,0.012897,0.002457,0.023673,-0.043461,-0.027375,-0.003296,-0.005973,0.002244,-0.01131,-0.013249,-0.028873
287,B000146L62,Cassia Clove 100% Pure &amp; Natural Aromatherapy Herbal Soap- 4 oz (113g) Plantlife Our soaps are made the old-fashione,0.033254,-0.013742,0.00695,0.025321,-0.010287,-0.013889,0.015059,0.017662,-0.01887,-0.014562,0.02462,-0.011035,0.004317,-0.029643,0.009007,-0.053902
288,B000146LKS,Patchouli 100% Pure &amp; Natural Aromatherapy Herbal Soap- 4 oz (113g) Plantlife Our soaps are made the old-fashioned w,0.02848,-0.016276,0.007002,0.024703,-0.003586,-0.013013,0.017905,0.016358,-0.01071,-0.010961,0.025476,-0.007054,-0.001429,-0.027426,0.005036,-0.056981
289,B00014D138,"Jason Pure Natural Moisturizing Creme, Anti-Aging Tea Time, 4 Ounce Jason Natural In 1959, a group of independent thinke",0.023451,0.009191,-0.002435,0.029854,-0.028803,-0.00457,0.008197,-0.010891,-0.012981,-0.025427,0.009885,-0.006938,-0.012692,-0.003152,0.003283,-0.036569
290,B00014D1OW,Lemon Clarifying Shampoo 11 Ounces Avalon Organics Shampoo - Lemon by Avalon Organics 11 oz Liquid Lemon Clarifying Sham,0.025238,0.026453,0.008941,0.028527,-0.053842,-0.003074,-0.001035,0.001054,-0.028596,-0.026732,0.018217,-0.011686,-0.000264,-0.016414,-0.003693,-0.035506
291,B00014D322,"MillCreek - Biotin Shampoo, 16 fl oz gel Mill Creek Biotin Shampoo  BENEFITS: : This shampoo combines biotin with kerati",0.050889,-0.011221,-0.00401,0.036947,-0.021331,-0.025367,-0.024533,-0.005767,-0.033439,-0.020582,0.00707,0.001084,-0.02582,-0.031414,0.006541,-0.029016
292,B00014D5O8,"Burt's Bees Hand Salve, 3 oz Tin Burt&#39;s Bees If you have rough, dry hands, Burt&#x2019;s Bees Hand Salve knows how t",0.040839,0.021302,0.003728,0.008335,0.011292,0.002178,0.004098,0.022167,-0.021405,-0.02636,0.018412,-0.022771,0.006563,0.00041,-0.003407,-0.041616
293,B00014DGCO,"Plantlife Lavender 100% Pure Essential Oil - Bulgarian - 10 ml Plantlife Balancing, soothing, clarifying, normalizing ar",0.032014,0.032184,0.008946,0.041573,-0.04596,0.010661,-0.00266,0.001418,-0.035387,-0.008438,0.001478,-0.013136,0.009454,-0.019098,0.026527,-0.01887
294,B00014DIKE,"Burt's Bees Therapeutic Bath Crystals, 1 Pound Burt&#39;s Bees After a long day, it&#x2019;s time to soak up the goodnes",0.031504,0.032438,0.009221,0.016832,0.000423,-0.00441,0.010285,0.018709,-0.02246,-0.0206,0.00381,-0.015716,-0.000539,0.00551,0.002813,-0.051366
295,B00014DKKC,"Burt's Bees Lemon &amp; Vitamin E Bath &amp; Body Oil, 4 Fluid Ounce Burt&#39;s Bees Sunny with a chance of happiness. L",0.033913,0.037359,0.014405,0.027074,-0.009499,-0.018114,-0.00484,0.002149,-0.022247,-0.021327,0.019172,-0.013848,0.006486,0.005799,0.007009,-0.050702
296,B00014DM5K,Facial Toner &amp; Freshener-Aloe Vera Earth Science 8 oz Liquid Earth Science Facial Toner Freshener-Aloe Vera by Earth,0.00392,0.025577,0.016877,0.038844,-0.029449,0.008735,-0.016623,0.001085,-0.015439,-0.03324,0.013768,-0.010744,-0.000425,-0.023583,-0.019578,-0.040582
297,B00014DMQE,Reviva Labs 10% Glycolic Acid Cream -- 1.5 oz Reviva 10% Glycolic Acid Night Cream by Reviva - 1.5 Ounces Face Beauty Tr,0.052637,0.006401,0.020393,0.042597,0.00438,0.011762,-0.007578,0.001929,-0.025344,0.010505,0.004772,0.010905,0.015368,-0.019635,-0.054943,-0.053617
298,B00014DMRI,"Aubrey Organics - Natural Mist Herbal Hairspray (Regular Hold), 8 fl oz spray Aubrey Organics Herbal gums hold hair soft",0.018829,0.017436,0.005419,0.027547,-0.021513,-0.003673,-0.010455,-0.005207,-0.029745,-0.032217,0.00258,-0.020421,0.005016,-0.00456,0.004749,-0.016452
299,B00014DMUA,Moisturizer-Daily Essential Jojoba/Aloe Desert Essence 4 oz Cream Moisturizer-Daily Essential Jojoba Aloe by Desert Esse,0.034037,0.018214,0.021398,0.042788,-0.022928,-0.002637,0.005541,0.014451,-0.0264,-0.004568,0.03214,-0.006303,0.007776,-0.00408,0.003159,-0.046842
